"ERROR 0",http://www.bc.edu
"ERROR 1",http://www.bc.edu/bc-web/admission.html
"ERROR 2",http://www.bc.edu/bc-web/schools/caroll-school.html
"ERROR 3",http://www.bc.edu/schools/lsoe/
"ERROR 4",http://www.bc.edu/bc-web/schools/mcas.html
"ERROR 5",http://www.bc.edu/bc-web/schools/law.html
"ERROR 6",http://www.bc.edu/bc-web/schools/wcas.html
"ERROR 7",http://www.bc.edu/schools/gssw.html
"ERROR 8",http://bc.edu/bc-web/schools/cson.html
"ERROR 9",http://bc.edu/bc-web/schools/lsoe.html
"ERROR 10",http://bc.edu/bc-web/schools/stm.html
"ERROR 11",http://www.bc.edu/content/bc-web/admission/affordability.html
"ERROR 12",http://www.bc.edu/offices/dos/subsidiary_offices/disabilityservices.html
"ERROR 13",http://www.clemson.edu
"ERROR 14",http://www.clemson.edu/admissions/
"ERROR 15",http://www.clemson.edu/financial-aid/
"ERROR 16",https://www.clemson.edu/business/
"ERROR 17",http://www.clemson.edu/education/
"ERROR 18",http://www.clemson.edu/cecas/
"ERROR 19",http://www.clemson.edu/caah/
"ERROR 20",https://www.clemson.edu/cafls/
"ERROR 21",https://www.clemson.edu/science/
"ERROR 22",https://www.clemson.edu/cbshs/
"ERROR 23",https://www.clemson.edu/graduate/
"ERROR 24",http://www.clemson.edu/cuhonors/
"ERROR 25",http://www.clemson.edu/emerituscollege/
"ERROR 26",https://www.clemson.edu/academics/studentaccess/
"ERROR 27",http://www.duke.edu
"ERROR 28",http://admissions.duke.edu
"ERROR 29",https://financialaid.duke.edu
"ERROR 30",http://www.fuqua.duke.edu
"ERROR 31",http://www.pratt.duke.edu
"ERROR 32",http://trinity.duke.edu
"ERROR 33",https://nicholas.duke.edu
"ERROR 34",https://learnmore.duke.edu/front
"ERROR 35",http://divinity.duke.edu
"ERROR 36",https://law.duke.edu
"ERROR 37",https://sanford.duke.edu
"ERROR 38",https://medschool.duke.edu
"ERROR 39",https://nursing.duke.edu
"ERROR 40",http://access.duke.edu/
"ERROR 41",http://www.fsu.edu
"ERROR 42",http://admissions.fsu.edu
"ERROR 43",https://business.fsu.edu/
"ERROR 44",http://www.eng.famu.fsu.edu
"ERROR 45",http://artsandsciences.fsu.edu
"ERROR 46",https://pc.fsu.edu/academics/college-applied-studies
"ERROR 47",https://cci.fsu.edu/
"ERROR 48",http://criminology.fsu.edu/
"ERROR 49",https://education.fsu.edu/
"ERROR 50",http://cfa.fsu.edu/
"ERROR 51",https://humansciences.fsu.edu/
"ERROR 52",http://www.law.fsu.edu/
"ERROR 53",https://med.fsu.edu/
"ERROR 54",https://film.fsu.edu/
"ERROR 55",https://music.fsu.edu/
"ERROR 56",https://nursing.fsu.edu
"ERROR 57",https://coss.fsu.edu/
"ERROR 58",https://csw.fsu.edu/
"ERROR 59",https://financialaid.fsu.edu/
"ERROR 60",https://dos.fsu.edu/sdrc
"ERROR 61",http://www.gatech.edu
"ERROR 62",http://www.gatech.edu/admissions
"ERROR 63",http://scheller.gatech.edu
"ERROR 64",https://cc.gatech.edu
"ERROR 65",https://design.gatech.edu
"ERROR 66",https://coe.gatech.edu
"ERROR 67",https://iac.gatech.edu
"ERROR 68",https://cos.gatech.edu
"ERROR 69",https://finaid.gatech.edu
"ERROR 70",https://disabilityservices.gatech.edu/
"ERROR 71",http://www.miami.edu
"ERROR 72",https://welcome.miami.edu/admissions/index.html
"ERROR 73",http://www.bus.miami.edu
"ERROR 74",http://sites.education.miami.edu/
"ERROR 75",http://www.coe.miami.edu/
"ERROR 76",https://www.frost.miami.edu/
"ERROR 77",http://www.med.miami.edu/
"ERROR 78",https://www.rsmas.miami.edu/
"ERROR 79",https://www.law.miami.edu/
"ERROR 80",https://www.sonhs.miami.edu/
"ERROR 81",https://grad.miami.edu/
"ERROR 82",https://www.arc.miami.edu/
"ERROR 83",http://www.as.miami.edu
"ERROR 84",http://www.com.miami.edu/
"ERROR 85",https://camnercenter.miami.edu/disability-services/
"ERROR 86",https://finaid.miami.edu/
"ERROR 87",http://www.unc.edu
"ERROR 88",http://admissions.unc.edu
"ERROR 89",http://www.kenan-flagler.unc.edu
"ERROR 90",http://soe.unc.edu
"ERROR 91",http://college.unc.edu
"ERROR 92",https://sog.unc.edu
"ERROR 93",https://mj.unc.edu
"ERROR 94",https://www.dentistry.unc.edu
"ERROR 95",https://gradschool.unc.edu
"ERROR 96",https://med.unc.edu
"ERROR 97",https://soe.unc.edu
"ERROR 98",https://sils.unc.edu
"ERROR 99",https://nursing.unc.edu
"ERROR 100",https://pharmacy.unc.edu
"ERROR 101",https://ssw.unc.edu
"ERROR 102",https://sph.unc.edu
"ERROR 103",https://www.law.unc.edu
"ERROR 104",https://ars.unc.edu
"ERROR 105",https://studentaid.unc.edu
"ERROR 106",http://www.ncsu.edu
"ERROR 107",https://www.ncsu.edu/admissions/
"ERROR 108",http://poole.ncsu.edu
"ERROR 109",http://ced.ncsu.edu
"ERROR 110",http://www.engr.ncsu.edu
"ERROR 111",http://www.chass.ncsu.edu
"ERROR 112",http://sciences.nscu.edu
"ERROR 113",http://textiles.ncsu.edu
"ERROR 114",http://cvm.ncsu.edu
"ERROR 115",http://grad.ncsu.edu
"ERROR 116",http://universitycollege.dasa.ncsu.edu
"ERROR 117",http://cals.ncsu.edu
"ERROR 118",http://design.ncsu.edu
"ERROR 119",http://cnr.ncsu.edu
"ERROR 120",https://dro.dasa.ncsu.edu/
"ERROR 121",https://studentservices.ncsu.edu
"ERROR 122",http://www.virginia.edu
"ERROR 123",http://www.virginia.eud/life
"ERROR 124",http://batten.virginia.edu/
"ERROR 125",https://curry.virginia.edu/
"ERROR 126",http://www.darden.virginia.edu
"ERROR 127",https://www.commerce.virginia.edu/
"ERROR 128",http://engineering.virginia.edu
"ERROR 129",http://as.virginia.edu/
"ERROR 130",https://www.arch.virginia.edu/
"ERROR 131",https://www.scps.virginia.edu/
"ERROR 132",https://www.law.virginia.edu/admissions
"ERROR 133",https://med.virginia.edu/
"ERROR 134",https://www.nursing.virginia.edu/
"ERROR 135",https://www.uvawise.edu/
"ERROR 136",https://studenthealth.virginia.edu/sdac
"ERROR 137",http://sfs.virginia.edu/
"ERROR 138",http://www.vt.edu
"ERROR 139",http://www.vt.edu/admissions/undergraduate.html
"ERROR 140",http://www.pamplin.vt.edu
"ERROR 141",http://www.eng.vt.edu
"ERROR 142",https://liberalarts.vt.edu/
"ERROR 143",https://www.cals.vt.edu
"ERROR 144",https://www.caus.vt.edu
"ERROR 145",school
"ERROR 146",http://www.vetmed.vt.edu/
"ERROR 147",https://www.cnre.vt.edu/
"ERROR 148",https://www.science.vt.edu/
"ERROR 149",https://www.vtc.vt.edu/
"ERROR 150",https://www.ssd.vt.edu/
"ERROR 151",https://finaid.vt.edu/
"ERROR 152",http://www.wfu.edu
"ERROR 153",http://admissions.wfu.edu
"ERROR 154",https://admissions.wfu.edu/financial-aid/
"ERROR 155",http://college.wfu.edu/
"ERROR 156",https://graduate.wfu.edu/
"ERROR 157",https://business.wfu.edu/
"ERROR 158",https://divinity.wfu.edu
"ERROR 159",http://law.wfu.edu/
"ERROR 160",https://www.wakehealth.edu
"ERROR 161",https://lac.wfu.edu/
"ERROR 162",http://louisville.edu
"ERROR 163",http://louisville.edu/admissions/
"ERROR 164",http://business.louisville.edu
"ERROR 165",http://louisville.edu/education/
"ERROR 166",http://louisville.edu/speed/
"ERROR 167",http://louisville.edu/artsandsciences/
"ERROR 168",http://louisville.edu/dentistry
"ERROR 169",http://louisville.edu/education
"ERROR 170",http://louisville.edu/graduate
"ERROR 171",http://louisville.edu/kent
"ERROR 172",http://louisville.edu/law
"ERROR 173",http://louisville.edu/medicine
"ERROR 174",http://louisville.edu/nursing
"ERROR 175",http://louisville.edu/sphis
"ERROR 176",https://louisville.edu/disability/
"ERROR 177",http://louisville.edu/financialaid
"ERROR 178",http://www.pitt.edu
"ERROR 179",https://www.pitt.edu/admissions
"ERROR 180",http://www.business.pitt.edu
"ERROR 181",http://www.education.pitt.edu
"ERROR 182",http://www.engineering.pitt.edu
"ERROR 183",http://www.as.pitt.edu
"ERROR 184",https://www.dental.pitt.edu/
"ERROR 185",https://www.cgs.pitt.edu/
"ERROR 186",https://www.shrs.pitt.edu/
"ERROR 187",https://www.honorscollege.pitt.edu/
"ERROR 188",https://www.law.pitt.edu/
"ERROR 189",https://www.medschool.pitt.edu/
"ERROR 190",https://www.nursing.pitt.edu/
"ERROR 191",http://www.pharmacy.pitt.edu/
"ERROR 192",http://www.gspia.pitt.edu/
"ERROR 193",http://www.publichealth.pitt.edu/
"ERROR 194",https://www.socialwork.pitt.edu/
"ERROR 195",https://oafa.pitt.edu/financialaid/
"ERROR 196",https://www.studentaffairs.pitt.edu/drs/
"ERROR 197",http://www.syracuse.edu
"ERROR 198",http://www.syracuse.edu/admissions/
"ERROR 199",http://whitman.syr.edu
"ERROR 200",http://soe.syr.edu/
"ERROR 201",http://eng-cs.syr.edu/
"ERROR 202",http://thecollege.syr.edu/
"ERROR 203",https://falk.syr.edu/
"ERROR 204",https://ischool.syr.edu/
"ERROR 205",https://law.syr.edu/
"ERROR 206",https://www.maxwell.syr.edu/deans/
"ERROR 207",http://newhouse.syr.edu/
"ERROR 208",part_time
"ERROR 209",http://graduateschool.syr.edu/
"ERROR 210",http://disabilityservices.syr.edu
"ERROR 211",https://soa.syr.edu/
"ERROR 212",http://nd.edu
"ERROR 213",http://admissions.nd.edu
"ERROR 214",http://mendoza.nd.edu/
"ERROR 215",http://engineering.nd.edu
"ERROR 216",http://al.nd.edu
"ERROR 217",https://nd.edu
"ERROR 218",http://keough.nd.edu/
"ERROR 219",https://science.nd.edu/
"ERROR 220",http://graduateschool.nd.edu/
"ERROR 221",http://law.nd.edu/
"ERROR 222",https://sarabeadisabilityservices.nd.edu/
"ERROR 223",https://admissions.nd.edu/discover/cost-financial-aid
"ERROR 224",http://dayton.edu
"ERROR 225",https://udayton.edu/apply
"ERROR 226",https://udayton.edu/apply/undergraduate/affordability.php
"ERROR 227",https://udayton.edu/artssciences
"ERROR 228",https://udayton.edu/business
"ERROR 229",https://udayton.edu/education
"ERROR 230",https://udayton.edu/engineering
"ERROR 231",https://udayton.edu/law/
"ERROR 232",http://www.duq.edu
"ERROR 233",http://www.duq.edu/admissions-and-aid
"ERROR 234",http://www.duq.edu/academics/schools/business/
"ERROR 235",https://www.duq.edu/admissions-and-aid/financial-aid
"ERROR 236",https://www.duq.edu/life-at-duquesne/student-services/disability-services
"ERROR 237",http://www.duq.edu/academics/schools/education
"ERROR 238",http://www.duq.edu/academics/schools/liberal-arts
"ERROR 239",https://www.law.duq.edu/
"ERROR 240",https://www.duq.edu/academics/schools/liberal-arts/for-graduate-students
"ERROR 241",https://www.duq.edu/academics/schools/music
"ERROR 242",https://www.duq.edu/academics/schools/natural-and-environmental-sciences
"ERROR 243",https://www.duq.edu/academics/schools/pharmacy
"ERROR 244",https://www.duq.edu/academics/schools/health-sciences
"ERROR 245",http://www.fordham.edu
"ERROR 246",http://www.fordham.edu/admissions/
"ERROR 247",https://www.fordham.edu/info/20311/fordham_college_at_lincoln_center
"ERROR 248",https://www.fordham.edu/info/20312/fordham_college_at_rose_hill
"ERROR 249",http://www.fordham.edu/info/20447/gabelli_school_of_business
"ERROR 250",http://www.fordham.edu/academics/colleges__graduate_s/graduate__profession/education/
"ERROR 251",https://www.fordham.edu/info/21200/school_of_professional_and_continuing_studies
"ERROR 252",https://www.fordham.edu/info/21263/graduate_school_of_arts_and_sciences
"ERROR 253",https://www.fordham.edu/info/20990/graduate_school_of_education
"ERROR 254",https://www.fordham.edu/info/20380/graduate_school_of_religion_and_religious_studies
"ERROR 255",https://www.fordham.edu/info/20348/graduate_school_of_social_service
"ERROR 256",https://www.fordham.edu/info/20346/school_of_law
"ERROR 257",https://www.fordham.edu/info/21656/admitted_students/3642/financial_aid
"ERROR 258",https://www.fordham.edu/info/20174/disability_services
"ERROR 259",http://www.gwu.edu
"ERROR 260",https://www.gwu.edu/admissions-aid
"ERROR 261",https://disabilitysupport.gwu.edu/
"ERROR 262",http://business.gwu.edu
"ERROR 263",http://www.seas.gwu.edu
"ERROR 264",http://columbian.gwu.edu
"ERROR 265",https://corcoran.gwu.edu/
"ERROR 266",https://gsehd.gwu.edu/
"ERROR 267",https://elliott.gwu.edu/
"ERROR 268",https://www.law.gwu.edu/
"ERROR 269",https://smpa.gwu.edu/
"ERROR 270",https://smhs.gwu.edu/
"ERROR 271",https://nursing.gwu.edu/
"ERROR 272",https://gspm.gwu.edu/
"ERROR 273",https://cps.gwu.edu/
"ERROR 274",https://publichealth.gwu.edu/
"ERROR 275",http://www.lasalle.edu
"ERROR 276",http://www.lasalle.edu/admission/
"ERROR 277",http://www.lasalle.edu/business/
"ERROR 278",http://www.lasalle.edu/schools/sas/
"ERROR 279",https://www.lasalle.edu/snhs/
"ERROR 280",https://www.lasalle.edu/military/disability-services/
"ERROR 281",https://www.lasalle.edu/financialaid/
"ERROR 282",http://www.umass.edu
"ERROR 283",http://www.umass.edu/gateway/admissions
"ERROR 284",http://www.isenberg.umass.edu
"ERROR 285",http://www.umass.edu/education
"ERROR 286",http://www.engineering.umass.edu
"ERROR 287",http://www.umass.edu/hfa
"ERROR 288",https://www.umass.edu/sbs/
"ERROR 289",https://www.honors.umass.edu/
"ERROR 290",https://www.umass.edu/sphhs/
"ERROR 291",http://stockbridge.cns.umass.edu/
"ERROR 292",https://www.umass.edu/gradschool/
"ERROR 293",https://www.umass.edu/disability/
"ERROR 294",https://www.umass.edu/umfa/
"ERROR 295",http://www.uri.edu
"ERROR 296",https://www.uri.edu/admission/
"ERROR 297",https://web.uri.edu/business/
"ERROR 298",https://web.uri.edu/ceps/
"ERROR 299",https://web.uri.edu/engineering/
"ERROR 300",https://web.uri.edu/artsci/
"ERROR 301",https://web.uri.edu/cels/
"ERROR 302",https://web.uri.edu/chs/
"ERROR 303",https://web.uri.edu/nursing/
"ERROR 304",https://web.uri.edu/pharmacy/
"ERROR 305",https://web.uri.edu/gso/
"ERROR 306",https://web.uri.edu/ucas/
"ERROR 307",https://web.uri.edu/disability/
"ERROR 308",https://web.uri.edu/enrollment/financial-aid/
"ERROR 309",http://www.richmond.edu
"ERROR 310",https://admissions.richmond.edu/
"ERROR 311",http://robins.richmond.edu
"ERROR 312",http://as.richmond.edu
"ERROR 313",https://spcs.richmond.edu/
"ERROR 314",https://law.richmond.edu/
"ERROR 315",https://jepson.richmond.edu/
"ERROR 316",https://disability.richmond.edu/
"ERROR 317",https://financialaid.richmond.edu/
"ERROR 318",http://www.sju.edu
"ERROR 319",https://www.sju.edu/admission
"ERROR 320",https://she.sju.edu/
"ERROR 321",https://www.sju.edu/academics/college-arts-and-sciences
"ERROR 322",https://sites.sju.edu/thesuccesscenter/sds/
"ERROR 323",https://sites.sju.edu/finaid/
"ERROR 324",http://www.sbu.edu
"ERROR 325",https://www.sbu.edu/admission-aid
"ERROR 326",https://www.sbu.edu/life-at-sbu/services-for-students/disability-support-services
"ERROR 327",https://www.sbu.edu/academics/schools/arts-and-sciences
"ERROR 328",https://www.sbu.edu/academics/schools/business
"ERROR 329",https://www.sbu.edu/academics/schools/education
"ERROR 330",https://www.sbu.edu/academics/schools/journalism-and-mass-communications
"ERROR 331",https://www.sbu.edu/academics/schools/school-of-health-professions
"ERROR 332",http://www.vcu.edu
"ERROR 333",http://www.ugrad.vcu.edu
"ERROR 334",https://business.vcu.edu/
"ERROR 335",https://soe.vcu.edu
"ERROR 336",https://egr.vcu.edu/
"ERROR 337",https://arts.vcu.edu/
"ERROR 338",http://has.vcu.edu/
"ERROR 339",https://honors.vcu.edu/
"ERROR 340",https://wilder.vcu.edu/
"ERROR 341",https://robertson.vcu.edu/
"ERROR 342",https://medschool.vcu.edu/
"ERROR 343",https://nursing.vcu.edu/
"ERROR 344",https://pharmacy.vcu.edu/
"ERROR 345",https://socialwork.vcu.edu/
"ERROR 346",https://worldstudies.vcu.edu/
"ERROR 347",https://graduate.vcu.edu/
"ERROR 348",https://lifesciences.vcu.edu/
"ERROR 349",https://uc.vcu.edu/
"ERROR 350",https://chp.vcu.edu/
"ERROR 351",https://dentistry.vcu.edu/
"ERROR 352",https://saeo.vcu.edu/
"ERROR 353",https://finaid.vcu.edu/
"ERROR 354",http://www.slu.edu
"ERROR 355",http://www.slu.edu/admission/
"ERROR 356",https://www.slu.edu/education
"ERROR 357",https://www.slu.edu/parks/
"ERROR 358",https://www.slu.edu/arts-and-sciences
"ERROR 359",https://www.slu.edu/philosophy-and-letters/
"ERROR 360",https://www.slu.edu/public-health-social-justice
"ERROR 361",https://www.slu.edu/doisy
"ERROR 362",https://www.slu.edu/business
"ERROR 363",http://law.slu.edu/
"ERROR 364",https://www.slu.edu/medicine/index.php
"ERROR 365",https://www.slu.edu/nursing/
"ERROR 366",https://www.slu.edu/financial-aid/index.php
"ERROR 367",http://www2.gmu.edu/
"ERROR 368",http://www2.gmu.edu/admissions-aid
"ERROR 369",https://www2.gmu.edu/admissions-aid/visit-mason
"ERROR 370",https://www.law.gmu.edu/
"ERROR 371",https://chhs.gmu.edu/
"ERROR 372",https://chss.gmu.edu/
"ERROR 373",https://cos.gmu.edu/
"ERROR 374",https://cvpa.gmu.edu/
"ERROR 375",https://schar.gmu.edu/
"ERROR 376",https://scar.gmu.edu/
"ERROR 377",http://business.gmu.edu/
"ERROR 378",https://cehd.gmu.edu/
"ERROR 379",http://volgenau.gmu.edu/
"ERROR 380",https://ds.gmu.edu/
"ERROR 381",http://www.davidson.edu/
"ERROR 382",http://www.davidson.edu/admission-and-financial-aid
"ERROR 383",http://www.davidson.edu/academics
"ERROR 384",https://www.davidson.edu/offices/ctl/students/disability-resources
"ERROR 385",http://illinois.edu
"ERROR 386",http://admissions.illinois.edu
"ERROR 387",http://admissions.illinois.edu/Invest/financial-aid
"ERROR 388",https://aces.illinois.edu/
"ERROR 389",http://ahs.illinois.edu/
"ERROR 390",http://faa.illinois.edu/
"ERROR 391",http://dgs.illinois.edu/
"ERROR 392",https://vetmed.illinois.edu/
"ERROR 393",http://socialwork.illinois.edu/
"ERROR 394",https://medicine.illinois.edu/
"ERROR 395",https://media.illinois.edu/
"ERROR 396",http://ischool.illinois.edu/
"ERROR 397",https://law.illinois.edu/
"ERROR 398",https://ler.illinois.edu/
"ERROR 399",http://business.illinois.edu
"ERROR 400",http://education.illinois.edu
"ERROR 401",http://engineering.illinois.edu
"ERROR 402",http://www.las.illinois.edu
"ERROR 403",https://www.disability.illinois.edu/
"ERROR 404",http://www.indiana.edu
"ERROR 405",http://admit.indiana.edu
"ERROR 406",http://kelley.iu.edu
"ERROR 407",http://education.indiana.edu
"ERROR 408",http://college.indiana.edu
"ERROR 409",https://soaad.indiana.edu/
"ERROR 410",https://sgis.indiana.edu/
"ERROR 411",https://hutton.indiana.edu/
"ERROR 412",https://www.sice.indiana.edu/
"ERROR 413",http://law.indiana.edu/
"ERROR 414",http://mediaschool.indiana.edu/
"ERROR 415",https://medicine.iu.edu/
"ERROR 416",https://music.indiana.edu/
"ERROR 417",https://nursing.indiana.edu
"ERROR 418",https://optometry.iu.edu/
"ERROR 419",https://socialwork.indiana.edu/
"ERROR 420",https://spea.indiana.edu/
"ERROR 421",https://graduate.indiana.edu/
"ERROR 422",http://www.publichealth.indiana.edu/
"ERROR 423",https://studentaffairs.indiana.edu/disability-services-students/
"ERROR 424",http://www1.umn.edu/twincities/index.html
"ERROR 425",https://twin-cities.umn.edu/admissions-aid
"ERROR 426",http://www.csom.umn.edu
"ERROR 427",http://cse.umn.edu
"ERROR 428",https://cla.umn.edu/
"ERROR 429",https://cbs.umn.edu
"ERROR 430",https://ccaps.umn.edu/
"ERROR 431",https://www.dentistry.umn.edu/
"ERROR 432",https://design.umn.edu/
"ERROR 433",http://www.cehd.umn.edu/
"ERROR 434",https://carlsonschool.umn.edu/
"ERROR 435",https://www.law.umn.edu/
"ERROR 436",https://www.grad.umn.edu/
"ERROR 437",https://www.cfans.umn.edu/
"ERROR 438",https://extension.umn.edu/
"ERROR 439",https://www.med.umn.edu/
"ERROR 440",https://www.nursing.umn.edu/
"ERROR 441",https://www.pharmacy.umn.edu/
"ERROR 442",https://www.hhh.umn.edu/
"ERROR 443",http://www.sph.umn.edu/
"ERROR 444",https://diversity.umn.edu/disability/home
"ERROR 445",http://www.northwestern.edu
"ERROR 446",https://www.northwestern.edu/admissions/
"ERROR 447",https://www.northwestern.edu/admissions/financial-aid-offices.html
"ERROR 448",https://www.weinberg.northwestern.edu/
"ERROR 449",https://communication.northwestern.edu/
"ERROR 450",http://www.sesp.northwestern.edu/
"ERROR 451",http://www.kellogg.northwestern.edu
"ERROR 452",http://www.mccormick.northwestern.edu
"ERROR 453",https://www.tgs.northwestern.edu/
"ERROR 454",http://www.medill.northwestern.edu/
"ERROR 455",http://www.law.northwestern.edu/
"ERROR 456",https://www.music.northwestern.edu/
"ERROR 457",http://www.feinberg.northwestern.edu/
"ERROR 458",https://sps.northwestern.edu/
"ERROR 459",https://www.northwestern.edu/accessiblenu
"ERROR 460",http://www.purdue.edu
"ERROR 461",http://www.admissions.purdue.edu
"ERROR 462",http://www.krannert.purdue.edu
"ERROR 463",http://www.education.purdue.edu
"ERROR 464",http://engineering.purdue.edu
"ERROR 465",http://www.cla.purdue.edu
"ERROR 466",https://ag.purdue.edu/
"ERROR 467",https://www.purdue.edu/exploratory/
"ERROR 468",https://www.purdue.edu/hhs/
"ERROR 469",https://www.pharmacy.purdue.edu/
"ERROR 470",https://www.science.purdue.edu/
"ERROR 471",https://vet.purdue.edu/
"ERROR 472",https://honors.purdue.edu/
"ERROR 473",https://www.purdue.edu/gradschool/
"ERROR 474",https://www.purdue.edu/drc/
"ERROR 475",https://www.purdue.edu/dfa/
"ERROR 476",http://www.msu.edu
"ERROR 477",http://admissions.msu.edu
"ERROR 478",http://broad.msu.edu
"ERROR 479",http://www.educ.msu.edu
"ERROR 480",http://www.egr.msu.edu
"ERROR 481",http://www.cal.msu.edu/
"ERROR 482",http://www.canr.msu.edu/
"ERROR 483",https://comartsci.msu.edu/
"ERROR 484",https://grad.msu.edu/
"ERROR 485",https://honorscollege.msu.edu/
"ERROR 486",http://humanmedicine.msu.edu/
"ERROR 487",https://www.isp.msu.edu/
"ERROR 488",https://jmc.msu.edu/
"ERROR 489",http://law.msu.edu/
"ERROR 490",http://lymanbriggs.msu.edu/
"ERROR 491",https://www.music.msu.edu/
"ERROR 492",https://natsci.msu.edu/
"ERROR 493",http://nursing.msu.edu/
"ERROR 494",http://com.msu.edu/
"ERROR 495",http://rcah.msu.edu/
"ERROR 496",http://socialscience.msu.edu/
"ERROR 497",https://cvm.msu.edu/
"ERROR 498",https://finaid.msu.edu/
"ERROR 499",https://www.rcpd.msu.edu/
"ERROR 500",http://www.osu.edu
"ERROR 501",http://undergrad.osu.edu
"ERROR 502",https://sfa.osu.edu/contact
"ERROR 503",http://slds.osu.edu/
"ERROR 504",https://knowlton.osu.edu/
"ERROR 505",https://dentistry.osu.edu/
"ERROR 506",https://senr.osu.edu/
"ERROR 507",https://cfaes.osu.edu/
"ERROR 508",https://gradsch.osu.edu/
"ERROR 509",http://glenn.osu.edu/
"ERROR 510",https://moritzlaw.osu.edu/
"ERROR 511",https://nursing.osu.edu/
"ERROR 512",https://optometry.osu.edu/
"ERROR 513",https://pharmacy.osu.edu/
"ERROR 514",https://cph.osu.edu/
"ERROR 515",https://csw.osu.edu/
"ERROR 516",https://vet.osu.edu/
"ERROR 517",https://fisher.osu.edu/
"ERROR 518",http://ehe.osu.edu/
"ERROR 519",http://engineering.osu.edu
"ERROR 520",https://artsandsciences.osu.edu/
"ERROR 521",http://www.psu.edu
"ERROR 522",http://admissions.psu.edu
"ERROR 523",https://studentaid.psu.edu/
"ERROR 524",http://equity.psu.edu/student-disability-resources
"ERROR 525",http://www.smeal.psu.edu
"ERROR 526",https://ed.psu.edu/
"ERROR 527",https://www.engr.psu.edu/
"ERROR 528",http://www.la.psu.edu/
"ERROR 529",https://agsci.psu.edu
"ERROR 530",https://artsandarchitecture.psu.edu//
"ERROR 531",https://www.smeal.psu.edu/
"ERROR 532",https://bellisario.psu.edu/
"ERROR 533",https://www.ems.psu.edu/
"ERROR 534",https://hhd.psu.edu/
"ERROR 535",https://ist.psu.edu/
"ERROR 536",https://dickinsonlaw.psu.edu/
"ERROR 537",https://pennstatelaw.psu.edu/
"ERROR 538",https://med.psu.edu/
"ERROR 539",http://www.nursing.psu.edu/
"ERROR 540",http://science.psu.edu/
"ERROR 541",https://www.shc.psu.edu/
"ERROR 542",http://gradschool.psu.edu/
"ERROR 543",https://www.pct.edu/
"ERROR 544",http://www.umich.edu
"ERROR 545",http://www.admissions.umich.edu
"ERROR 546",https://ssd.umich.edu/
"ERROR 547",https://finaid.umich.edu/
"ERROR 548",http://taubmancollege.umich.edu/
"ERROR 549",https://stamps.umich.edu/
"ERROR 550",https://michiganross.umich.edu/
"ERROR 551",http://dent.umich.edu/
"ERROR 552",http://www.bus.umich.edu
"ERROR 553",http://soe.umich.edu/
"ERROR 554",http://www.engin.umich.edu
"ERROR 555",http://seas.umich.edu/
"ERROR 556",https://si.umich.edu/
"ERROR 557",https://www.kines.umich.edu/
"ERROR 558",https://www.law.umich.edu
"ERROR 559",https://lsa.umich.edu/
"ERROR 560",https://medicine.umich.edu/medschool/
"ERROR 561",http://smtd.umich.edu/
"ERROR 562",https://nursing.umich.edu/
"ERROR 563",https://pharmacy.umich.edu/
"ERROR 564",https://sph.umich.edu/
"ERROR 565",http://fordschool.umich.edu/
"ERROR 566",http://www.rackham.umich.edu/
"ERROR 567",https://ssw.umich.edu/
"ERROR 568",http://www.uiowa.edu
"ERROR 569",https://uiowa.edu/admission
"ERROR 570",https://financialaid.uiowa.edu/
"ERROR 571",https://clas.uiowa.edu/
"ERROR 572",https://tippie.uiowa.edu/
"ERROR 573",https://www.dentistry.uiowa.edu/
"ERROR 574",https://education.uiowa.edu/
"ERROR 575",https://www.engineering.uiowa.edu/
"ERROR 576",https://www.grad.uiowa.edu/
"ERROR 577",https://law.uiowa.edu/
"ERROR 578",https://medicine.uiowa.edu/
"ERROR 579",https://nursing.uiowa.edu/
"ERROR 580",https://pharmacy.uiowa.edu/
"ERROR 581",https://uc.uiowa.edu/
"ERROR 582",https://www.public-health.uiowa.edu
"ERROR 583",https://sds.studentlife.uiowa.edu/
"ERROR 584",http://www.unl.edu
"ERROR 585",http://admissions.unl.edu
"ERROR 586",https://business.unl.edu/
"ERROR 587",https://cehs.unl.edu/
"ERROR 588",https://engineering.unl.edu/
"ERROR 589",https://casnr.unl.edu/
"ERROR 590",https://architecture.unl.edu/
"ERROR 591",https://cas.unl.edu/
"ERROR 592",https://arts.unl.edu/
"ERROR 593",https://www.unl.edu/gradstudies/
"ERROR 594",https://journalism.unl.edu/
"ERROR 595",https://law.unl.edu/
"ERROR 596",https://www.unl.edu/ssd/home
"ERROR 597",http://www.wisc.edu
"ERROR 598",https://www.wisc.edu/admissions/
"ERROR 599",http://bus.wisc.edu
"ERROR 600",https://www.engr.wisc.edu/
"ERROR 601",http://ls.wisc.edu/
"ERROR 602",https://cals.wisc.edu/
"ERROR 603",https://wsb.wisc.edu/
"ERROR 604",https://continuingstudies.wisc.edu/
"ERROR 605",http://www.education.wisc.edu/
"ERROR 606",http://nelson.wisc.edu/
"ERROR 607",https://grad.wisc.edu/
"ERROR 608",https://sohe.wisc.edu/
"ERROR 609",https://ischool.wisc.edu
"ERROR 610",https://journalism.wisc.edu/
"ERROR 611",https://languages.wisc.edu/
"ERROR 612",http://law.wisc.edu/
"ERROR 613",https://www.med.wisc.edu
"ERROR 614",https://www.music.wisc.edu/
"ERROR 615",https://nursing.wisc.edu/
"ERROR 616",https://pharmacy.wisc.edu/
"ERROR 617",https://www.lafollette.wisc.edu/
"ERROR 618",https://socwork.wisc.edu/
"ERROR 619",https://www.vetmed.wisc.edu/
"ERROR 620",https://financialaid.wisc.edu
"ERROR 621",http://www.umd.edu
"ERROR 622",http://www.admissions.umd.edu
"ERROR 623",https://www.financialaid.umd.edu
"ERROR 624",https://www.rhsmith.umd.edu/
"ERROR 625",https://eng.umd.edu/
"ERROR 626",http://www.arhu.umd.edu
"ERROR 627",http://www.arch.umd.edu/
"ERROR 628",http://www.arhu.umd.edu/
"ERROR 629",https://bsos.umd.edu/
"ERROR 630",http://cmns.umd.edu/
"ERROR 631",https://www.education.umd.edu/
"ERROR 632",http://agnr.umd.edu/
"ERROR 633",https://merrill.umd.edu/
"ERROR 634",https://www.ischool.umd.edu/
"ERROR 635",http://sph.umd.edu/
"ERROR 636",http://www.publicpolicy.umd.edu/
"ERROR 637",https://www.counseling.umd.edu/ads/
"ERROR 638",http://www.rutgers.edu
"ERROR 639",http://www.rutgers.edu/admissions/
"ERROR 640",http://www.business.rutgers.edu/
"ERROR 641",http://gse.rutgers.edu
"ERROR 642",http://www.soe.rutgers.edu
"ERROR 643",http://sas.rutgers.edu/
"ERROR 644",https://ods.rutgers.edu/
"ERROR 645",https://financialaid.rutgers.edu/
"ERROR 646",http://bloustein.rutgers.edu/
"ERROR 647",https://gsapp.rutgers.edu/
"ERROR 648",http://www.masongross.rutgers.edu/
"ERROR 649",https://comminfo.rutgers.edu/
"ERROR 650",http://www.soe.rutgers.edu/
"ERROR 651",https://sebs.rutgers.edu/
"ERROR 652",http://grad.rutgers.edu/sgs/
"ERROR 653",https://smlr.rutgers.edu/
"ERROR 654",https://socialwork.rutgers.edu/
"ERROR 655",https://pharmacy.rutgers.edu/
"ERROR 656",http://njms.rutgers.edu/
"ERROR 657",http://rwjms.rutgers.edu/
"ERROR 658",http://sdm.rutgers.edu/
"ERROR 659",https://shp.rutgers.edu/
"ERROR 660",http://nursing.rutgers.edu/
"ERROR 661",https://sph.rutgers.edu/
"ERROR 662",http://www.baylor.edu
"ERROR 663",http://www.baylor.edu/admissions
"ERROR 664",http://www.baylor.edu/business
"ERROR 665",http://www.ecs.baylor.edu
"ERROR 666",https://www.baylor.edu/artsandsciences/
"ERROR 667",https://www.baylor.edu/social_work/
"ERROR 668",https://www.baylor.edu/truett/
"ERROR 669",https://www.baylor.edu/graduate/
"ERROR 670",https://www.baylor.edu/honorscollege/
"ERROR 671",https://www.baylor.edu/law/
"ERROR 672",https://www.baylor.edu/nursing/
"ERROR 673",https://www.baylor.edu/music/
"ERROR 674",https://www.baylor.edu/chhs/
"ERROR 675",https://www.baylor.edu/soe/
"ERROR 676",https://www.baylor.edu/oala/
"ERROR 677",https://www.baylor.edu/sfs/
"ERROR 678",http://www.iastate.edu
"ERROR 679",http://www.admissions.iastate.edu
"ERROR 680",http://www.las.iastate.edu
"ERROR 681",https://www.cals.iastate.edu/
"ERROR 682",https://www.business.iastate.edu/
"ERROR 683",https://www.design.iastate.edu/
"ERROR 684",http://www.engineering.iastate.edu/
"ERROR 685",https://www.grad-college.iastate.edu/
"ERROR 686",https://www.hs.iastate.edu/
"ERROR 687",https://vetmed.iastate.edu
"ERROR 688",https://sas.dso.iastate.edu/
"ERROR 689",https://www.financialaid.iastate.edu/
"ERROR 690",http://www.ku.edu
"ERROR 691",http://admissions.ku.edu
"ERROR 692",https://business.ku.edu/
"ERROR 693",https://soe.ku.edu/
"ERROR 694",http://engr.ku.edu/
"ERROR 695",http://college.ku.edu/
"ERROR 696",http://arcd.ku.edu/
"ERROR 697",http://journalism.ku.edu/
"ERROR 698",http://www.kumc.edu/school-of-health-professions.html
"ERROR 699",http://sllc.ku.edu/
"ERROR 700",http://law.ku.edu/
"ERROR 701",http://sota.ku.edu/
"ERROR 702",http://www.kumc.edu/school-of-medicine.html
"ERROR 703",http://music.ku.edu/
"ERROR 704",http://nursing.kumc.edu/
"ERROR 705",http://pharmacy.ku.edu/
"ERROR 706",http://kupa.ku.edu/
"ERROR 707",http://socwel.ku.edu
"ERROR 708",http://access.ku.edu/student-access-services-home
"ERROR 709",https://affordability.ku.edu/help
"ERROR 710",http://www.k-state.edu
"ERROR 711",http://www.k-state.edu/admission/
"ERROR 712",http://cba.k-state.edu
"ERROR 713",http://coe.k-state.edu
"ERROR 714",http://www.engg.ksu.edu
"ERROR 715",https://artsci.k-state.edu/
"ERROR 716",https://www.ag.k-state.edu/
"ERROR 717",https://apdesign.k-state.edu/
"ERROR 718",https://cba.k-state.edu/
"ERROR 719",https://www.he.k-state.edu/
"ERROR 720",https://polytechnic.k-state.edu/
"ERROR 721",https://www.vet.k-state.edu/
"ERROR 722",http://www.k-state.edu/grad/
"ERROR 723",http://www.k-state.edu/leadership/
"ERROR 724",https://www.k-state.edu/accesscenter/
"ERROR 725",https://www.k-state.edu/sfa/
"ERROR 726",http://www.ou.edu/
"ERROR 727",http://www.ou.edu/web/admissions_aid.html
"ERROR 728",http://www.ou.edu/price
"ERROR 729",http://www.ou.edu/education.html
"ERROR 730",http://www.ou.edu/coe/
"ERROR 731",http://www.ou.edu/cas/
"ERROR 732",http://www.ou.edu/financialaid
"ERROR 733",http://www.ou.edu/univcoll
"ERROR 734",https://architecture.ou.edu/
"ERROR 735",http://www.ou.edu/ags
"ERROR 736",http://www.ou.edu/mcee
"ERROR 737",http://www.ou.edu/finearts
"ERROR 738",http://www.ou.edu/gradweb
"ERROR 739",http://www.ou.edu/gaylord
"ERROR 740",http://www.law.ou.edu/
"ERROR 741",http://www.ou.edu/honors/
"ERROR 742",http://www.ou.edu/cis
"ERROR 743",https://alliedhealth.ouhsc.edu/
"ERROR 744",https://dentistry.ouhsc.edu/
"ERROR 745",https://www.oumedicine.com/college-of-medicine
"ERROR 746",https://nursing.ouhsc.edu/
"ERROR 747",https://pharmacy.ouhsc.edu/
"ERROR 748",https://publichealth.ouhsc.edu/
"ERROR 749",http://www.ou.edu/drc
"ERROR 750",http://go.okstate.edu
"ERROR 751",http://admissions.okstate.edu
"ERROR 752",https://business.okstate.edu/
"ERROR 753",http://education.okstate.edu
"ERROR 754",http://www.ceat.okstate.edu
"ERROR 755",http://cas.okstate.edu
"ERROR 756",http://casnr.okstate.edu/
"ERROR 757",https://humansciences.okstate.edu
"ERROR 758",https://cvhs.okstate.edu/
"ERROR 759",https://gradcollege.okstate.edu/
"ERROR 760",https://honors.okstate.edu
"ERROR 761",https://global.okstate.edu
"ERROR 762",http://sds.okstate.edu/
"ERROR 763",https://financialaid.okstate.edu/
"ERROR 764",http://www.utexas.edu
"ERROR 765",http://admissions.utexas.edu/
"ERROR 766",http://admissions.utexas.edu/afford
"ERROR 767",https://liberalarts.utexas.edu/
"ERROR 768",https://cns.utexas.edu/
"ERROR 769",https://pharmacy.utexas.edu/
"ERROR 770",https://dellmed.utexas.edu/
"ERROR 771",https://gradschool.utexas.edu
"ERROR 772",http://www.jsg.utexas.edu/
"ERROR 773",https://lbj.utexas.edu/
"ERROR 774",https://www.mccombs.utexas.edu/
"ERROR 775",https://moody.utexas.edu
"ERROR 776",https://soa.utexas.edu/
"ERROR 777",https://www.ischool.utexas.edu/
"ERROR 778",https://law.utexas.edu/
"ERROR 779",http://nursing.utexas.edu/
"ERROR 780",https://socialwork.utexas.edu/
"ERROR 781",http://www.ttu.edu
"ERROR 782",http://www.ttu.edu/admissions/
"ERROR 783",http://www.depts.ttu.edu/financialaid/
"ERROR 784",http://arch.ttu.edu/
"ERROR 785",http://www.depts.ttu.edu/artsandsciences/
"ERROR 786",http://www.depts.ttu.edu/rawlsbusiness/
"ERROR 787",http://www.depts.ttu.edu/education/
"ERROR 788",http://www.depts.ttu.edu/coe/
"ERROR 789",http://www.depts.ttu.edu/honors/
"ERROR 790",http://www.depts.ttu.edu/law/
"ERROR 791",://www.depts.ttu.edu/hs/
"ERROR 792",http://www.depts.ttu.edu/comc/
"ERROR 793",http://www.depts.ttu.edu/cvpa/
"ERROR 794",http://www.depts.ttu.edu/gradschool/
"ERROR 795",http://www.depts.ttu.edu/agriculturalsciences/
"ERROR 796",http://www.depts.ttu.edu/sds/
"ERROR 797",http://www.wvu.edu
"ERROR 798",http://admissions.wvu.edu
"ERROR 799",https://financialaid.wvu.edu/
"ERROR 800",https://accessibilityservices.wvu.edu/
"ERROR 801",https://www.davis.wvu.edu/
"ERROR 802",http://publichealth.hsc.wvu.edu/
"ERROR 803",https://eberly.wvu.edu
"ERROR 804",https://business.wvu.edu/
"ERROR 805",https://ccarts.wvu.edu/
"ERROR 806",http://dentistry.hsc.wvu.edu/
"ERROR 807",https://cehs.wvu.edu/
"ERROR 808",https://www.statler.wvu.edu/
"ERROR 809",https://www.law.wvu.edu/
"ERROR 810",https://reedcollegeofmedia.wvu.edu
"ERROR 811",http://medicine.wvu.edu/
"ERROR 812",https://nursing.hsc.wvu.edu/
"ERROR 813",https://pharmacy.hsc.wvu.edu/
"ERROR 814",http://tcu.edu
"ERROR 815",http://admissions.tcu.edu
"ERROR 816",http://www.neeley.tcu.edu/
"ERROR 817",https://schieffercollege.tcu.edu
"ERROR 818",https://coe.tcu.edu
"ERROR 819",https://finearts.tcu.edu
"ERROR 820",https://honors.tcu.edu/
"ERROR 821",https://addran.tcu.edu/
"ERROR 822",https://harriscollege.tcu.edu/
"ERROR 823",https://cse.tcu.edu/
"ERROR 824",https://financialaid.tcu.edu
"ERROR 825",http://www.acs.tcu.edu/disability_services.asp
"ERROR 826",http://www.calpoly.edu
"ERROR 827",https://admissions.calpoly.edu/
"ERROR 828",https://financialaid.calpoly.edu
"ERROR 829",http://www.cob.calpoly.edu
"ERROR 830",https://engineering.calpoly.edu/
"ERROR 831",http://cla.calpoly.edu
"ERROR 832",https://cafes.calpoly.edu
"ERROR 833",http://www.caed.calpoly.edu
"ERROR 834",http://www.cosam.calpoly.edu/
"ERROR 835",https://drc.calpoly.edu/
"ERROR 836",http://www.fullerton.edu
"ERROR 837",http://www.fullerton.edu/admissions/
"ERROR 838",http://www.fullerton.edu/nsm/
"ERROR 839",http://www.fullerton.edu/arts
"ERROR 840",https://business.fullerton.edu/
"ERROR 841",http://communications.fullerton.edu/
"ERROR 842",http://ed.fullerton.edu/
"ERROR 843",https://www.fullerton.edu/ecs/
"ERROR 844",http://hhd.fullerton.edu
"ERROR 845",http://hss.fullerton.edu/
"ERROR 846",http://extension.fullerton.edu/
"ERROR 847",https://www.fullerton.edu/financialaid/
"ERROR 848",https://www.fullerton.edu/dss/about_dss/
"ERROR 849",http://www.csun.edu
"ERROR 850",https://www.csun.edu/admissions-records
"ERROR 851",http://www.csun.edu/busecon/
"ERROR 852",https://www.csun.edu/eisner-education
"ERROR 853",https://www.csun.edu/engineering-computer-science
"ERROR 854",http://www.csun.edu/humanities/
"ERROR 855",https://www.csun.edu/mike-curb-arts-media-communication
"ERROR 856",https://www.csun.edu/health-human-development
"ERROR 857",https://www.csun.edu/science-mathematics
"ERROR 858",https://www.csun.edu/social-behavioral-sciences
"ERROR 859",https://tsengcollege.csun.edu/
"ERROR 860",https://www.csun.edu/dres
"ERROR 861",https://www.csun.edu/financialaid
"ERROR 862",http://manoa.hawaii.edu
"ERROR 863",https://manoa.hawaii.edu/admissions/
"ERROR 864",https://www.hawaii.edu/fas/
"ERROR 865",http://shidler.hawaii.edu
"ERROR 866",http://coe.hawaii.edu/
"ERROR 867",http://www.eng.hawaii.edu
"ERROR 868",http://artsci.manoa.hawaii.edu
"ERROR 869",https://cms.ctahr.hawaii.edu/
"ERROR 870",http://www.arch.hawaii.edu/
"ERROR 871",http://manoa.hawaii.edu/hshk/
"ERROR 872",https://www.law.hawaii.edu/
"ERROR 873",http://jabsom.hawaii.edu/
"ERROR 874",https://nursing.hawaii.edu/
"ERROR 875",https://www.soest.hawaii.edu/soestwp/
"ERROR 876",http://manoa.hawaii.edu/spas/
"ERROR 877",http://www.hawaii.edu/sswork/
"ERROR 878",https://tim.hawaii.edu/
"ERROR 879",http://www.hawaii.edu/kokua/
"ERROR 880",http://www.csulb.edu
"ERROR 881",http://www.csulb.edu/admissions
"ERROR 882",http://www.csulb.edu/college-of-business-administration
"ERROR 883",http://www.csulb.edu/college-of-education
"ERROR 884",http://www.csulb.edu/college-of-engineering
"ERROR 885",http://www.csulb.edu/college-of-the-arts
"ERROR 886",http://web.csulb.edu/colleges/chhs/
"ERROR 887",http://www.cla.csulb.edu/
"ERROR 888",http://www.csulb.edu/college-of-natural-sciences-and-mathematics
"ERROR 889",https://www.ccpe.csulb.edu/ContinuingEd/
"ERROR 890",https://www.csulb.edu/financial-aid
"ERROR 891",http://web.csulb.edu/divisions/students/dss/
"ERROR 892",http://www.ucdavis.edu/
"ERROR 893",https://www.ucdavis.edu/admissions
"ERROR 894",https://www.ucdavis.edu/admissions/financial-aid-scholarships
"ERROR 895",http://www.caes.ucdavis.edu/
"ERROR 896",https://biology.ucdavis.edu/
"ERROR 897",http://engineering.ucdavis.edu/
"ERROR 898",https://ls.ucdavis.edu/
"ERROR 899",https://gradstudies.ucdavis.edu/
"ERROR 900",http://www.ucdmc.ucdavis.edu/nursing/
"ERROR 901",https://gsm.ucdavis.edu/
"ERROR 902",https://education.ucdavis.edu/
"ERROR 903",https://law.ucdavis.edu/
"ERROR 904",http://www.ucdmc.ucdavis.edu/medschool/
"ERROR 905",https://www.vetmed.ucdavis.edu/
"ERROR 906",https://sdc.ucdavis.edu/
"ERROR 907",http://uci.edu
"ERROR 908",https://uci.edu/admissions
"ERROR 909",http://www.ofas.uci.edu/content/
"ERROR 910",https://merage.uci.edu/
"ERROR 911",http://www.arts.uci.edu/
"ERROR 912",https://www.bio.uci.edu/
"ERROR 913",https://www.humanities.uci.edu/SOH/
"ERROR 914",http://engineering.uci.edu/
"ERROR 915",http://education.uci.edu/
"ERROR 916",https://www.ics.uci.edu/
"ERROR 917",https://www.law.uci.edu/
"ERROR 918",https://www.socsci.uci.edu/
"ERROR 919",https://socialecology.uci.edu/
"ERROR 920",https://ps.uci.edu/
"ERROR 921",http://www.som.uci.edu/
"ERROR 922",http://www.nursing.uci.edu/
"ERROR 923",http://pharmsci.uci.edu/
"ERROR 924",http://publichealth.uci.edu/
"ERROR 925",https://www.dsc.uci.edu/
"ERROR 926",http://www.ucr.edu
"ERROR 927",http://my.ucr.edu/admissions/
"ERROR 928",http://financialaid.ucr.edu/
"ERROR 929",http://soba.ucr.edu
"ERROR 930",http://education.ucr.edu
"ERROR 931",http://www.engr.ucr.edu
"ERROR 932",http://chass.ucr.edu
"ERROR 933",https://cnas.ucr.edu/
"ERROR 934",https://education.ucr.edu/
"ERROR 935",http://spp.ucr.edu/
"ERROR 936",https://medschool.ucr.edu/
"ERROR 937",https://sdrc.ucr.edu/uc
"ERROR 938",http://www.ucsb.edu
"ERROR 939",http://admissions.sa.ucsb.edu
"ERROR 940",http://education.ucsb.edu
"ERROR 941",https://engineering.ucsb.edu/
"ERROR 942",http://college.ucsb.edu/
"ERROR 943",studies
"ERROR 944",http://www.graddiv.ucsb.edu/
"ERROR 945",http://bren.ucsb.edu/
"ERROR 946",https://education.ucsb.edu/
"ERROR 947",https://www.finaid.ucsb.edu/
"ERROR 948",http://www.vcadmin.ucsb.edu/ada/welcome-accessibility-resources
"ERROR 949",http://www.depaul.edu
"ERROR 950",https://www.depaul.edu/admission-and-aid/Pages/default.aspx
"ERROR 951",https://business.depaul.edu
"ERROR 952",http://education.depaul.edu
"ERROR 953",http://www.cdm.depaul.edu
"ERROR 954",https://las.depaul.edu
"ERROR 955",https://www.depaul.edu/admission-and-aid/financial-aid/Pages/default.aspx
"ERROR 956",https://business.depaul.edu/academics/graduate/Pages/default.aspx
"ERROR 957",https://communication.depaul.edu/Pages/default.aspx
"ERROR 958",https://www.cdm.depaul.edu/Pages/default.aspx
"ERROR 959",https://education.depaul.edu/Pages/default.aspx
"ERROR 960",https://law.depaul.edu/Pages/default.aspx
"ERROR 961",https://csh.depaul.edu/Pages/default.aspx
"ERROR 962",https://music.depaul.edu/Pages/default.aspx
"ERROR 963",https://snl.depaul.edu/Pages/default.aspx
"ERROR 964",https://theatre.depaul.edu/Pages/default.aspx
"ERROR 965",https://offices.depaul.edu/student-affairs/about/departments/Pages/csd.aspx
"ERROR 966",http://www.georgetown.edu
"ERROR 967",https://uadmissions.georgetown.edu/
"ERROR 968",http://msb.georgetown.edu/mba/
"ERROR 969",http://college.georgetown.edu
"ERROR 970",https://academicsupport.georgetown.edu/disability
"ERROR 971",https://finaid.georgetown.edu/
"ERROR 972",https://sfs.georgetown.edu/
"ERROR 973",https://grad.georgetown.edu/
"ERROR 974",https://www.law.georgetown.edu/
"ERROR 975",https://som.georgetown.edu/
"ERROR 976",https://scs.georgetown.edu/
"ERROR 977",https://nhs.georgetown.edu/
"ERROR 978",http://www.marquette.edu
"ERROR 979",http://www.marquette.edu/explore/
"ERROR 980",http://www.marquette.edu/business/index.php
"ERROR 981",http://www.marquette.edu/education/
"ERROR 982",http://www.marquette.edu/engineering/
"ERROR 983",http://www.marquette.edu/arts-sciences/
"ERROR 984",http://www.marquette.edu/communication/index.php
"ERROR 985",http://www.marquette.edu/dentistry/
"ERROR 986",http://www.marquette.edu/grad/
"ERROR 987",http://www.marquette.edu/business/graduate/
"ERROR 988",http://www.marquette.edu/health-sciences/
"ERROR 989",https://law.marquette.edu/
"ERROR 990",http://www.marquette.edu/nursing/
"ERROR 991",http://www.marquette.edu/mucentral/financialaid/
"ERROR 992",http://www.marquette.edu/disability-services/
"ERROR 993",http://www.providence.edu
"ERROR 994",https://admission.providence.edu/
"ERROR 995",https://business.providence.edu/
"ERROR 996",https://arts-sciences.providence.edu/
"ERROR 997",https://professional-studies.providence.edu/
"ERROR 998",https://continuing-education.providence.edu/
"ERROR 999",https://student-development-compliance.providence.edu/disability-accommodation/residential/s
"ERROR 1000",https://financial-aid.providence.edu/
"ERROR 1001",http://www.shu.edu
"ERROR 1002",http://www.shu.edu/applying/
"ERROR 1003",http://www.shu.edu/business/
"ERROR 1004",http://www.shu.edu/academics/education/
"ERROR 1005",http://www.shu.edu/arts-sciences/
"ERROR 1006",http://www.shu.edu/financial-aid/index.cfm
"ERROR 1007",https://www.shu.edu/disability-support-services/
"ERROR 1008",http://www.shu.edu/communication-arts/
"ERROR 1009",http://www.shu.edu/diplomacy/
"ERROR 1010",http://www.shu.edu/education/
"ERROR 1011",http://www.shu.edu/health/
"ERROR 1012",https://law.shu.edu/
"ERROR 1013",http://www.shu.edu/medicine/
"ERROR 1014",http://www.shu.edu/nursing/
"ERROR 1015",http://www.shu.edu/theology/
"ERROR 1016",http://www.stjohns.edu
"ERROR 1017",https://www.stjohns.edu/admission
"ERROR 1018",https://www.stjohns.edu/academics/schools-and-colleges/peter-j-tobin-college-business
"ERROR 1019",https://www.stjohns.edu/academics/schools-and-colleges/school-education
"ERROR 1020",https://www.stjohns.edu/academics/schools-and-colleges/st-johns-college-liberal-arts-and-sciences
"ERROR 1021",https://www.stjohns.edu/admission-aid/tuition-and-financial-aid
"ERROR 1022",https://www.stjohns.edu/student-life/health-and-wellness/disability-services
"ERROR 1023",https://www.stjohns.edu/academics/schools-and-colleges/college-pharmacy-and-health-sciences
"ERROR 1024",https://www.stjohns.edu/academics/schools-and-colleges/college-professional-studies
"ERROR 1025",https://www.stjohns.edu/law
"ERROR 1026",http://www.villanova.edu
"ERROR 1027",https://www1.villanova.edu/university/business.html
"ERROR 1028",https://www1.villanova.edu/university/engineering.html
"ERROR 1029",https://www1.villanova.edu/university/liberal-arts-sciences.html
"ERROR 1030",https://www1.villanova.edu/university/nursing.html
"ERROR 1031",https://www1.villanova.edu/university/law.html
"ERROR 1032",https://www1.villanova.edu/university/professional-studies.html
"ERROR 1033",https://www1.villanova.edu/villanova/enroll/finaid.html
"ERROR 1034",https://www1.villanova.edu/villanova/studentlife/be_empowered/disability_services.html
"ERROR 1035",https://www.butler.edu
"ERROR 1036",https://www.butler.edu/admission
"ERROR 1037",https://www.butler.edu/lacyschool
"ERROR 1038",https://www.butler.edu/coe
"ERROR 1039",https://www.butler.edu/las
"ERROR 1040",https://www.butler.edu/admission/affordability-aid
"ERROR 1041",https://www.butler.edu/disability
"ERROR 1042",https://www.butler.edu/ccom
"ERROR 1043",https://www.butler.edu/jca
"ERROR 1044",https://www.butler.edu/cophs
"ERROR 1045",http://www.creighton.edu/
"ERROR 1046",https://www.creighton.edu/admissions
"ERROR 1047",http://business.creighton.edu/
"ERROR 1048",http://www.creighton.edu/ccas/
"ERROR 1049",https://ccas.creighton.edu/
"ERROR 1050",https://www.creighton.edu/disabilitysupportservices/
"ERROR 1051",https://nursing.creighton.edu/
"ERROR 1052",https://adultdegrees.creighton.edu/
"ERROR 1053",https://gradschool.creighton.edu/
"ERROR 1054",https://dentistry.creighton.edu/
"ERROR 1055",https://law.creighton.edu/
"ERROR 1056",https://medschool.creighton.edu/
"ERROR 1057",https://spahp.creighton.edu/
"ERROR 1058",http://www.xavier.edu
"ERROR 1059",https://www.xavier.edu/admission/
"ERROR 1060",https://www.xavier.edu/williams/
"ERROR 1061",http://www.xavier.edu/csshe/
"ERROR 1062",https://www.xavier.edu/cas/
"ERROR 1063",https://www.xavier.edu/disability-services/
"ERROR 1064",https://www.xavier.edu/financial-aid
"ERROR 1065",https://www.xavier.edu/college-of-professional-sciences/
"ERROR 1066",http://www.marshall.edu
"ERROR 1067",https://www.marshall.edu/admissions/
"ERROR 1068",http://www.marshall.edu/wpmu/cola/
"ERROR 1069",https://jcesom.marshall.edu/students/financial-assistance/
"ERROR 1070",https://www.marshall.edu/disability/
"ERROR 1071",https://www.marshall.edu/cos/
"ERROR 1072",https://www.marshall.edu/ocs/
"ERROR 1073",https://www.marshall.edu/uc/
"ERROR 1074",https://www.marshall.edu/graduate/
"ERROR 1075",https://jcesom.marshall.edu/
"ERROR 1076",https://www.marshall.edu/pharmacy/
"ERROR 1077",https://www.marshall.edu/coepd/
"ERROR 1078",https://www.marshall.edu/cam/
"ERROR 1079",https://www.marshall.edu/cohp
"ERROR 1080",https://www.marshall.edu/cite/
"ERROR 1081",https://www.marshall.edu/honors/
"ERROR 1082",https://www.marshall.edu/cob/
"ERROR 1083",http://www.rice.edu
"ERROR 1084",http://www.rice.edu/admission-aid.shtml
"ERROR 1085",http://business.rice.edu
"ERROR 1086",http://engineering.rice.edu
"ERROR 1087",http://humanities.rice.edu
"ERROR 1088",https://financialaid.rice.edu/
"ERROR 1089",https://drc.rice.edu/
"ERROR 1090",https://music.rice.edu/
"ERROR 1091",https://arch.rice.edu/
"ERROR 1092",https://socialsciences.rice.edu/
"ERROR 1093",https://humanities.rice.edu/
"ERROR 1094",https://naturalsciences.rice.edu/
"ERROR 1095",http://glasscock.rice.edu/
"ERROR 1096",http://www.usm.edu
"ERROR 1097",http://www.usm.edu/admissions
"ERROR 1098",https://www.usm.edu/business
"ERROR 1099",https://www.usm.edu/education-human-sciences
"ERROR 1100",https://www.usm.edu/arts-sciences
"ERROR 1101",https://www.usm.edu/nursing-health-professions
"ERROR 1102",https://www.usm.edu/oda
"ERROR 1103",https://www.usm.edu/financial-aid
"ERROR 1104",http://www.uab.edu
"ERROR 1105",https://www.uab.edu/students/admissions/
"ERROR 1106",https://www.uab.edu/cas/home/
"ERROR 1107",https://www.uab.edu/business/home/
"ERROR 1108",https://www.uab.edu/dentistry/home/
"ERROR 1109",https://www.uab.edu/education/home/
"ERROR 1110",https://www.uab.edu/engineering/home/
"ERROR 1111",https://www.uab.edu/shp/home/
"ERROR 1112",https://www.uab.edu/medicine/home/
"ERROR 1113",https://www.uab.edu/nursing/home/
"ERROR 1114",https://www.uab.edu/optometry/home/
"ERROR 1115",https://www.soph.uab.edu/
"ERROR 1116",https://www.uab.edu/graduate/
"ERROR 1117",https://www.uab.edu/students/disability/
"ERROR 1118",https://www.uab.edu/students/paying-for-college/
"ERROR 1119",http://utep.edu
"ERROR 1120",https://www.utep.edu/student-affairs/admissions/
"ERROR 1121",https://utep.edu/business/
"ERROR 1122",https://utep.edu/education
"ERROR 1123",https://utep.edu/engineering
"ERROR 1124",https://utep.edu/liberalarts
"ERROR 1125",https://utep.edu/chs
"ERROR 1126",https://utep.edu/science
"ERROR 1127",https://utep.edu/nursing
"ERROR 1128",https://utep.edu/pharmacy
"ERROR 1129",https://utep.edu/graduate/
"ERROR 1130",https://utep.edu/extendeduniversity
"ERROR 1131",https://www.utep.edu/student-affairs/cass/
"ERROR 1132",https://www.utep.edu/student-affairs/financialaid/
"ERROR 1133",http://www.uncc.edu
"ERROR 1134",https://www.uncc.edu/landing/admissions-financial-aid
"ERROR 1135",https://ds.uncc.edu/
"ERROR 1136",https://belkcollege.uncc.edu/
"ERROR 1137",https://coaa.uncc.edu/
"ERROR 1138",https://education.uncc.edu/
"ERROR 1139",https://cci.uncc.edu/
"ERROR 1140",https://health.uncc.edu/
"ERROR 1141",https://clas.uncc.edu/
"ERROR 1142",https://engr.uncc.edu/
"ERROR 1143",https://graduateschool.uncc.edu/
"ERROR 1144",https://honorscollege.uncc.edu/
"ERROR 1145",https://ucol.uncc.edu/
"ERROR 1146",https://continuinged.uncc.edu/
"ERROR 1147",http://www.fiu.edu/
"ERROR 1148",https://www.fiu.edu/admissions/
"ERROR 1149",https://onestop.fiu.edu/financial-aid
"ERROR 1150",https://studentaffairs.fiu.edu/get-support/disability-resource-center/
"ERROR 1151",https://case.fiu.edu/
"ERROR 1152",https://business.fiu.edu/
"ERROR 1153",https://hospitality.fiu.edu/
"ERROR 1154",http://carta.fiu.edu/
"ERROR 1155",https://cec.fiu.edu/
"ERROR 1156",https://medicine.fiu.edu/
"ERROR 1157",https://law.fiu.edu/
"ERROR 1158",http://honors.fiu.edu/
"ERROR 1159",https://cnhs.fiu.edu/
"ERROR 1160",https://stempel.fiu.edu/
"ERROR 1161",https://sipa.fiu.edu
"ERROR 1162",http://www.fau.edu/
"ERROR 1163",https://www.fau.edu/admissions/
"ERROR 1164",https://www.fau.edu/finaid/
"ERROR 1165",https://www.fau.edu/sas/
"ERROR 1166",https://www.fau.edu/artsandletters/
"ERROR 1167",http://www.coe.fau.edu/default.aspx
"ERROR 1168",https://business.fau.edu/
"ERROR 1169",http://cdsi.fau.edu/
"ERROR 1170",https://www.fau.edu/education/
"ERROR 1171",http://www.eng.fau.edu/
"ERROR 1172",https://www.fau.edu/graduate/
"ERROR 1173",http://nursing.fau.edu/
"ERROR 1174",https://www.fau.edu/honors/
"ERROR 1175",http://med.fau.edu/
"ERROR 1176",http://www.science.fau.edu/
"ERROR 1177",http://www.latech.edu/
"ERROR 1178",https://www.latech.edu/admissions/
"ERROR 1179",https://www.latech.edu/current-students/financial-aid/
"ERROR 1180",https://www.latech.edu/current-students/student-advancement-affairs/disability-services/
"ERROR 1181",https://ans.latech.edu/
"ERROR 1182",https://business.latech.edu
"ERROR 1183",https://education.latech.edu/
"ERROR 1184",https://coes.latech.edu/
"ERROR 1185",https://liberalarts.latech.edu/
"ERROR 1186",http://www.mtsu.edu/
"ERROR 1187",http://www.mtsu.edu/how-to-apply/
"ERROR 1188",http://www.mtsu.edu/liberalarts
"ERROR 1189",http://www.mtsu.edu/education
"ERROR 1190",http://www.mtsu.edu/business
"ERROR 1191",http://www.mtsu.edu/financial-aid/
"ERROR 1192",http://www.mtsu.edu/cbas
"ERROR 1193",http://www.mtsu.edu/cbhs
"ERROR 1194",http://www.mtsu.edu/media
"ERROR 1195",http://www.mtsu.edu/university-college
"ERROR 1196",http://www.mtsu.edu/honors
"ERROR 1197",http://www.mtsu.edu/dac/
"ERROR 1198",http://www.unt.edu/
"ERROR 1199",https://admissions.unt.edu/
"ERROR 1200",https://financialaid.unt.edu/
"ERROR 1201",https://disability.unt.edu/
"ERROR 1202",http://class.unt.edu/
"ERROR 1203",http://www.coe.unt.edu/
"ERROR 1204",https://cob.unt.edu/
"ERROR 1205",https://engineering.unt.edu/
"ERROR 1206",https://hps.unt.edu/
"ERROR 1207",https://honors.unt.edu/
"ERROR 1208",https://ci.unt.edu/
"ERROR 1209",https://journalism.unt.edu/
"ERROR 1210",https://cmht.unt.edu/
"ERROR 1211",https://music.unt.edu/
"ERROR 1212",https://cos.unt.edu
"ERROR 1213",https://art.unt.edu/
"ERROR 1214",https://tgs.unt.edu/
"ERROR 1215",http://odu.edu/
"ERROR 1216",https://www.odu.edu/admission
"ERROR 1217",https://www.odu.edu/business
"ERROR 1218",https://www.odu.edu/eps
"ERROR 1219",http://odu.edu/eng
"ERROR 1220",https://www.odu.edu/al
"ERROR 1221",https://www.odu.edu/life/diversity/problem/disabilites
"ERROR 1222",https://www.odu.edu/hs
"ERROR 1223",https://www.odu.edu/sci
"ERROR 1224",https://www.odu.edu/honors
"ERROR 1225",https://www.odu.edu/graduateschool
"ERROR 1226",https://www.odu.edu/cepd
"ERROR 1227",https://www.odu.edu/tuition-aid/financial-aid
"ERROR 1228",http://www.utsa.edu/
"ERROR 1229",http://www.utsa.edu/Admissions/
"ERROR 1230",https://onestop.utsa.edu/financialaid/
"ERROR 1231",http://www.utsa.edu/disability/
"ERROR 1232",http://education.utsa.edu/
"ERROR 1233",http://engineering.utsa.edu/
"ERROR 1234",http://www.utsa.edu/sciences/
"ERROR 1235",http://copp.utsa.edu/
"ERROR 1236",http://colfa.utsa.edu/colfa/
"ERROR 1237",http://www.utsa.edu/success/index.html
"ERROR 1238",http://honors.utsa.edu/
"ERROR 1239",https://graduateschool.utsa.edu/
"ERROR 1240",http://cacp.utsa.edu/
"ERROR 1241",https://business.utsa.edu/
"ERROR 1242",http://www.brown.edu
"ERROR 1243",http://www.brown.edu/admission
"ERROR 1244",http://brown.edu/academics/engineering/
"ERROR 1245",http://www.brown.edu/academics/college
"ERROR 1246",https://www.brown.edu/academics/biomed/
"ERROR 1247",https://www.brown.edu/academics/gradschool/
"ERROR 1248",https://www.brown.edu/academics/public-health/
"ERROR 1249",https://professional.brown.edu/
"ERROR 1250",https://www.brown.edu/campus-life/support/accessibility-services/students-disabilities
"ERROR 1251",https://www.brown.edu/about/administration/financial-aid/
"ERROR 1252",http://www.columbia.edu
"ERROR 1253",https://undergrad.admissions.columbia.edu/
"ERROR 1254",https://www8.gsb.columbia.edu/
"ERROR 1255",https://engineering.columbia.edu/
"ERROR 1256",http://www.college.columbia.edu/
"ERROR 1257",https://health.columbia.edu/content/disability-services
"ERROR 1258",https://cc-seas.financialaid.columbia.edu/
"ERROR 1259",https://www.arch.columbia.edu/
"ERROR 1260",https://gsas.columbia.edu/
"ERROR 1261",https://arts.columbia.edu/
"ERROR 1262",https://www.barnard.edu/
"ERROR 1263",https://journalism.columbia.edu/
"ERROR 1264",https://www.law.columbia.edu/
"ERROR 1265",https://www.dental.columbia.edu/
"ERROR 1266",https://gs.columbia.edu/
"ERROR 1267",https://sipa.columbia.edu/
"ERROR 1268",Theological
"ERROR 1269",http://nursing.columbia.edu/
"ERROR 1270",https://www.ps.columbia.edu/education/
"ERROR 1271",http://sps.columbia.edu/
"ERROR 1272",https://www.mailman.columbia.edu/
"ERROR 1273",https://socialwork.columbia.edu/
"ERROR 1274",https://www.tc.columbia.edu/
"ERROR 1275",https://utsnyc.edu/
"ERROR 1276",http://www.cornell.edu
"ERROR 1277",http://www.cornell.edu/admissions/
"ERROR 1278",https://business.cornell.edu/
"ERROR 1279",http://www.human.cornell.edu
"ERROR 1280",https://www.engineering.cornell.edu/
"ERROR 1281",https://as.cornell.edu/
"ERROR 1282",https://finaid.cornell.edu/
"ERROR 1283",https://sds.cornell.edu/
"ERROR 1284",https://www2.vet.cornell.edu/
"ERROR 1285",https://gradschool.cornell.edu/
"ERROR 1286",https://weill.cornell.edu/
"ERROR 1287",https://qatar-weill.cornell.edu/
"ERROR 1288",https://gradschool.weill.cornell.edu/
"ERROR 1289",https://www.sce.cornell.edu/
"ERROR 1290",https://www.human.cornell.edu/
"ERROR 1291",https://www.ilr.cornell.edu/
"ERROR 1292",https://www.cis.cornell.edu/
"ERROR 1293",https://tech.cornell.edu/
"ERROR 1294",https://www.lawschool.cornell.edu/
"ERROR 1295",https://cals.cornell.edu/
"ERROR 1296",https://aap.cornell.edu/
"ERROR 1297",http://www.dartmouth.edu
"ERROR 1298",http://www.dartmouth.edu/admissions/
"ERROR 1299",http://www.tuck.dartmouth.edu
"ERROR 1300",http://engineering.dartmouth.edu
"ERROR 1301",http://www.dartmouth.edu/home/academics/undergraduate_departments.html
"ERROR 1302",https://graduate.dartmouth.edu/
"ERROR 1303",https://geiselmed.dartmouth.edu/
"ERROR 1304",https://financialaid.dartmouth.edu/
"ERROR 1305",https://students.dartmouth.edu/student-accessibility/
"ERROR 1306",http://www.harvard.edu
"ERROR 1307",https://college.harvard.edu/admissions
"ERROR 1308",https://www.hsph.harvard.edu
"ERROR 1309",https://www.radcliffe.harvard.edu/
"ERROR 1310",https://hms.harvard.edu/
"ERROR 1311",https://hls.harvard.edu/
"ERROR 1312",https://www.hks.harvard.edu/
"ERROR 1313",https://www.seas.harvard.edu/
"ERROR 1314",https://gsas.harvard.edu/
"ERROR 1315",https://www.gse.harvard.edu/
"ERROR 1316",https://www.gsd.harvard.edu/
"ERROR 1317",https://www.fas.harvard.edu/
"ERROR 1318",https://hds.harvard.edu/
"ERROR 1319",https://hsdm.harvard.edu/
"ERROR 1320",http://www.dce.harvard.edu/
"ERROR 1321",https://college.harvard.edu/
"ERROR 1322",https://www.hbs.edu/Pages/default.aspx
"ERROR 1323",https://college.harvard.edu/financial-aid
"ERROR 1324",https://accessibility.harvard.edu/
"ERROR 1325",http://www.upenn.edu
"ERROR 1326",http://www.upenn.edu/admissions/
"ERROR 1327",https://www.wharton.upenn.edu/
"ERROR 1328",http://www.vet.upenn.edu/
"ERROR 1329",https://www.sp2.upenn.edu/
"ERROR 1330",https://www.med.upenn.edu/
"ERROR 1331",https://www.nursing.upenn.edu/
"ERROR 1332",https://www.law.upenn.edu/
"ERROR 1333",https://www.gse.upenn.edu/
"ERROR 1334",https://www.seas.upenn.edu/
"ERROR 1335",https://www.design.upenn.edu/
"ERROR 1336",https://www.dental.upenn.edu/
"ERROR 1337",https://www.sas.upenn.edu/
"ERROR 1338",https://www.asc.upenn.edu/
"ERROR 1339",https://www.vpul.upenn.edu/lrc/sds/
"ERROR 1340",https://www.upenn.edu/admissions
"ERROR 1341",http://www.sfs.upenn.edu/
"ERROR 1342",http://www.princeton.edu/
"ERROR 1343",https://admission.princeton.edu/
"ERROR 1344",https://engineering.princeton.edu/
"ERROR 1345",http://www.princeton.edu/main/academics/departments/
"ERROR 1346",http://wws.princeton.edu/
"ERROR 1347",https://www.princeton.edu/academics/areas-of-study/natural-sciences
"ERROR 1348",https://cdh.princeton.edu/about/
"ERROR 1349",https://soa.princeton.edu/
"ERROR 1350",https://ods.princeton.edu/
"ERROR 1351",https://admission.princeton.edu/cost-aid
"ERROR 1352",http://www.yale.edu
"ERROR 1353",https://www.yale.edu/admissions
"ERROR 1354",https://publichealth.yale.edu/
"ERROR 1355",https://nursing.yale.edu/
"ERROR 1356",https://music.yale.edu/
"ERROR 1357",https://medicine.yale.edu/
"ERROR 1358",https://law.yale.edu/
"ERROR 1359",https://som.yale.edu/
"ERROR 1360",http://environment.yale.edu/
"ERROR 1361",https://seas.yale.edu/
"ERROR 1362",https://www.drama.yale.edu/
"ERROR 1363",https://divinity.yale.edu/
"ERROR 1364",http://art.yale.edu/
"ERROR 1365",https://www.architecture.yale.edu/
"ERROR 1366",https://gsas.yale.edu/
"ERROR 1367",https://yalecollege.yale.edu/
"ERROR 1368",https://rod.yale.edu/
"ERROR 1369",https://admissions.yale.edu/financial-aid
"ERROR 1370",https://www.uakron.edu/
"ERROR 1371",https://uakron.edu/admissions/
"ERROR 1372",https://www.uakron.edu/access/
"ERROR 1373",https://www.uakron.edu/finaid/
"ERROR 1374",https://www.uakron.edu/cast/
"ERROR 1375",https://www.uakron.edu/gradsch/
"ERROR 1376",https://www.uakron.edu/bcas/
"ERROR 1377",https://www.uakron.edu/honors/
"ERROR 1378",https://www.uakron.edu/cba/
"ERROR 1379",https://www.uakron.edu/law/
"ERROR 1380",https://www.uakron.edu/education/
"ERROR 1381",https://www.uakron.edu/cpspe/
"ERROR 1382",https://www.uakron.edu/engineering/
"ERROR 1383",https://wayne.uakron.edu/
"ERROR 1384",https://www.uakron.edu/health/
"ERROR 1385",https://www.bgsu.edu/
"ERROR 1386",https://www.bgsu.edu/admissions.html
"ERROR 1387",https://www.bgsu.edu/accessibility-services.html
"ERROR 1388",https://www.bgsu.edu/arts-and-sciences.html
"ERROR 1389",https://www.bgsu.edu/business.html
"ERROR 1390",https://www.bgsu.edu/education-and-human-development.html
"ERROR 1391",https://www.firelands.bgsu.edu/
"ERROR 1392",https://www.bgsu.edu/graduate.html
"ERROR 1393",https://www.bgsu.edu/health-and-human-services.html
"ERROR 1394",https://www.bgsu.edu/honors-college.html
"ERROR 1395",https://www.bgsu.edu/musical-arts.html
"ERROR 1396",https://www.bgsu.edu/technology-architecture-and-applied-engineering.html
"ERROR 1397",https://www.buffalo.edu/
"ERROR 1398",https://www.buffalo.edu/ub_admissions.html
"ERROR 1399",https://ap.buffalo.edu/
"ERROR 1400",https://arts-sciences.buffalo.edu/
"ERROR 1401",https://dental.buffalo.edu
"ERROR 1402",http://ed.buffalo.edu/
"ERROR 1403",http://engineering.buffalo.edu/
"ERROR 1404",http://www.law.buffalo.edu/
"ERROR 1405",https://mgt.buffalo.edu/
"ERROR 1406",https://medicine.buffalo.edu/
"ERROR 1407",https://nursing.buffalo.edu/
"ERROR 1408",https://pharmacy.buffalo.edu/
"ERROR 1409",https://sphhp.buffalo.edu/
"ERROR 1410",https://socialwork.buffalo.edu/
"ERROR 1411",https://www.buffalo.edu/studentlife/who-we-are/departments/accessibility.html
"ERROR 1412",http://financialaid.buffalo.edu/
"ERROR 1413",https://www.kent.edu/
"ERROR 1414",https://www.kent.edu/admissions
"ERROR 1415",https://www.kent.edu/business
"ERROR 1416",https://www.kent.edu/ehhs
"ERROR 1417",https://www.kent.edu/cae
"ERROR 1418",https://www.kent.edu/cas
"ERROR 1419",https://www.kent.edu/cci
"ERROR 1420",https://www.kent.edu/nursing
"ERROR 1421",https://www.kent.edu/cpm
"ERROR 1422",https://www.kent.edu/publichealth
"ERROR 1423",https://www.kent.edu/honors
"ERROR 1424",https://www.kent.edu/regional-college
"ERROR 1425",https://www.kent.edu/universitycollege
"ERROR 1426",https://www.kent.edu/graduatestudies
"ERROR 1427",https://www.kent.edu/artscollege
"ERROR 1428",https://www.kent.edu/caed
"ERROR 1429",https://www.kent.edu/financialaid
"ERROR 1430",https://www.kent.edu/sas
"ERROR 1431",https://www.miamioh.edu/
"ERROR 1432",https://www.miamioh.edu/admission/
"ERROR 1433",http://miamioh.edu/fsb
"ERROR 1434",http://miamioh.edu/ehs
"ERROR 1435",http://miamioh.edu/cec
"ERROR 1436",http://miamioh.edu/cas/index.html
"ERROR 1437",https://miamioh.edu/cca
"ERROR 1438",http://miamioh.edu/graduate-school
"ERROR 1439",https://miamioh.edu/regionals
"ERROR 1440",http://miamioh.edu/student-life/sds/
"ERROR 1441",https://www.miamioh.edu/finaid/
"ERROR 1442",https://www.bsu.edu/
"ERROR 1443",https://www.bsu.edu/admissions
"ERROR 1444",https://www.bsu.edu/admissions/financial-aid-and-scholarships
"ERROR 1445",https://www.bsu.edu/about/administrativeoffices/disability-services
"ERROR 1446",https://www.bsu.edu/academics/collegesanddepartments/cap
"ERROR 1447",https://www.bsu.edu/academics/collegesanddepartments/mcob
"ERROR 1448",https://www.bsu.edu/academics/collegesanddepartments/ccim
"ERROR 1449",https://www.bsu.edu/academics/collegesanddepartments/cfa
"ERROR 1450",https://www.bsu.edu/academics/collegesanddepartments/health
"ERROR 1451",https://www.bsu.edu/academics/collegesanddepartments/csh
"ERROR 1452",https://www.bsu.edu/academics/collegesanddepartments/teachers-college
"ERROR 1453",https://www.cmich.edu
"ERROR 1454",https://www.cmich.edu/admissions
"ERROR 1455",https://www.cmich.edu/ess/osfa
"ERROR 1456",https://www.cmich.edu/ess/studentaffairs/SDS/Pages/default.aspx
"ERROR 1457",https://www.cmich.edu/colleges/cam/Pages/default.aspx
"ERROR 1458",https://www.cmich.edu/colleges/cba/Pages/default.aspx
"ERROR 1459",https://www.cmich.edu/colleges/ehs/Pages/default.aspx
"ERROR 1460",https://www.cmich.edu/colleges/chp/Pages/default.aspx
"ERROR 1461",https://www.cmich.edu/colleges/class/Pages/default.aspx
"ERROR 1462",https://www.cmich.edu/colleges/cmed/Pages/default.aspx
"ERROR 1463",https://www.cmich.edu/colleges/se/Pages/default.aspx
"ERROR 1464",https://www.emich.edu/
"ERROR 1465",https://emich.edu/admissions/index.php
"ERROR 1466",https://www.emich.edu/cob/
"ERROR 1467",https://www.emich.edu/coe/
"ERROR 1468",https://www.emich.edu/cot/
"ERROR 1469",https://www.emich.edu/cas/
"ERROR 1470",https://www.emich.edu/chhs/
"ERROR 1471",https://www.emich.edu/graduate/
"ERROR 1472",https://www.emich.edu/honors/
"ERROR 1473",https://www.emich.edu/drc/index.php
"ERROR 1474",https://niu.edu
"ERROR 1475",https://niu.edu/apply
"ERROR 1476",https://www.cob.niu.edu/index.shtml
"ERROR 1477",https://www.cedu.niu.edu/index.shtml
"ERROR 1478",https://www.niu.edu/CEET/
"ERROR 1479",https://www.niu.edu/clas/
"ERROR 1480",https://www.chhs.niu.edu/index.shtml
"ERROR 1481",https://www.niu.edu/law/index.shtml
"ERROR 1482",https://www.niu.edu/disability/
"ERROR 1483",https://www.niu.edu/financial-aid/index.shtml
"ERROR 1484",https://www.utoledo.edu/
"ERROR 1485",https://www.utoledo.edu/admission/
"ERROR 1486",https://www.utoledo.edu/business/
"ERROR 1487",https://www.utoledo.edu/education/
"ERROR 1488",https://www.utoledo.edu/engineering/
"ERROR 1489",https://www.utoledo.edu/al/
"ERROR 1490",https://www.utoledo.edu/offices/student-disability-services/
"ERROR 1491",https://www.utoledo.edu/financialaid/
"ERROR 1492",https://www.utoledo.edu/graduate/
"ERROR 1493",https://www.utoledo.edu/hhs/
"ERROR 1494",https://www.utoledo.edu/honors/
"ERROR 1495",https://www.utoledo.edu/law/
"ERROR 1496",https://www.utoledo.edu/med/
"ERROR 1497",https://www.utoledo.edu/nsm/
"ERROR 1498",https://www.utoledo.edu/nursing/
"ERROR 1499",https://www.utoledo.edu/pharmacy/
"ERROR 1500",https://www.utoledo.edu/uc/
"ERROR 1501",https://wmich.edu/
"ERROR 1502",https://www.wmich.edu/admissions/
"ERROR 1503",https://wmich.edu/business/
"ERROR 1504",https://wmich.edu/education/
"ERROR 1505",https://wmich.edu/engineer/
"ERROR 1506",https://wmich.edu/arts-sciences/
"ERROR 1507",https://www.wmich.edu/disabilityservices/
"ERROR 1508",https://www.wmich.edu/finaid/
"ERROR 1509",https://wmich.edu/aviation/
"ERROR 1510",https://wmich.edu/finearts/
"ERROR 1511",https://wmich.edu/hhs/
"ERROR 1512",https://wmich.edu/honors/
"ERROR 1513",https://wmich.edu/grad/
"ERROR 1514",https://www.cooley.edu/
"ERROR 1515",http://med.wmich.edu/
"ERROR 1516",https://www.ohio.edu/
"ERROR 1517",http://www.ohio.edu/admissions/
"ERROR 1518",https://business.ohio.edu/
"ERROR 1519",https://www.ohio.edu/education
"ERROR 1520",https://www.ohio.edu/cas/index.cfm
"ERROR 1521",https://www.ohio.edu/finearts
"ERROR 1522",https://www.ohio.edu/chsp/
"ERROR 1523",https://www.ohio.edu/graduate
"ERROR 1524",https://www.ohio.edu/medicine/
"ERROR 1525",https://www.ohio.edu/honors
"ERROR 1526",https://www.ohio.edu/engineering/index.cfm
"ERROR 1527",https://www.ohio.edu/scrippscollege/index.cfm
"ERROR 1528",https://www.ohio.edu/uc/
"ERROR 1529",https://www.ohio.edu/financial-aid
"ERROR 1530",https://www.ohio.edu/uc/sas
"ERROR 1531",http://www.bradley.edu/
"ERROR 1532",https://www.bradley.edu/admissions/
"ERROR 1533",https://www.bradley.edu/academic/colleges/fcba/
"ERROR 1534",https://www.bradley.edu/academic/colleges/cfa/
"ERROR 1535",https://www.bradley.edu/academic/colleges/ehs/
"ERROR 1536",https://www.bradley.edu/academic/colleges/egt/
"ERROR 1537",https://www.bradley.edu/academic/colleges/las/
"ERROR 1538",https://www.bradley.edu/academic/gradschool/
"ERROR 1539",https://www.bradley.edu/turnerschool/
"ERROR 1540",https://www.bradley.edu/steinerschool/
"ERROR 1541",https://www.bradley.edu/offices/student/sas/
"ERROR 1542",https://www.bradley.edu/offices/other/sfs/
"ERROR 1543",http://drake.edu
"ERROR 1544",http://www.drake.edu/admission
"ERROR 1545",https://www.drake.edu/financialaid/
"ERROR 1546",https://www.drake.edu/disabilityservices/
"ERROR 1547",https://www.drake.edu/artsci/
"ERROR 1548",https://www.drake.edu/cbpa/
"ERROR 1549",https://www.drake.edu/soe/
"ERROR 1550",https://www.drake.edu/sjmc/
"ERROR 1551",https://www.drake.edu/law/
"ERROR 1552",https://www.drake.edu/cphs/
"ERROR 1553",http://www.evansville.edu/
"ERROR 1554",https://www.evansville.edu/admission/
"ERROR 1555",https://www.evansville.edu/financialaid/
"ERROR 1556",https://www.evansville.edu/counseling/disability.cfm
"ERROR 1557",https://www.evansville.edu/majors/business/
"ERROR 1558",https://www.evansville.edu/engineering/
"ERROR 1559",https://www.evansville.edu/schools/educationHealth.cfm
"ERROR 1560",https://www.evansville.edu/schools/artsSciences.cfm
"ERROR 1561",http://illinoisstate.edu/
"ERROR 1562",https://illinoisstate.edu/admissions/
"ERROR 1563",https://financialaid.illinoisstate.edu/
"ERROR 1564",https://studentaccess.illinoisstate.edu
"ERROR 1565",https://cast.illinoisstate.edu/
"ERROR 1566",https://cas.illinoisstate.edu/
"ERROR 1567",https://business.illinoisstate.edu/
"ERROR 1568",https://education.illinoisstate.edu/
"ERROR 1569",https://finearts.illinoisstate.edu/
"ERROR 1570",https://nursing.illinoisstate.edu/
"ERROR 1571",https://www.indstate.edu/
"ERROR 1572",https://www.indstate.edu/admissions
"ERROR 1573",https://www.indstate.edu/financial-aid
"ERROR 1574",https://www.indstate.edu/services/student-success/cfss/student-support-services/disability-student-services
"ERROR 1575",https://www.indstate.edu/cas/
"ERROR 1576",https://www.indstate.edu/education/
"ERROR 1577",https://www.indstate.edu/cgps/graduate
"ERROR 1578",https://www.indstate.edu/health/
"ERROR 1579",https://www.indstate.edu/business/
"ERROR 1580",https://www.indstate.edu/technology/
"ERROR 1581",http://www.missouristate.edu/
"ERROR 1582",https://www.missouristate.edu/admissions/
"ERROR 1583",https://www.missouristate.edu/FinancialAid/
"ERROR 1584",https://www.missouristate.edu/disability/
"ERROR 1585",https://ag.missouristate.edu/default.htm
"ERROR 1586",https://coal.missouristate.edu/default.asp
"ERROR 1587",https://business.missouristate.edu/default.htm
"ERROR 1588",https://education.missouristate.edu/default.htm
"ERROR 1589",https://www.missouristate.edu/chhs/default.htm
"ERROR 1590",https://www.missouristate.edu/chpa/default.htm
"ERROR 1591",https://science.missouristate.edu/default.htm
"ERROR 1592",https://graduate.missouristate.edu/default.htm
"ERROR 1593",http://www.uni.edu/
"ERROR 1594",http://www.uni.edu/admissions/
"ERROR 1595",https://finaid.uni.edu/
"ERROR 1596",https://uni.edu/resources/disability
"ERROR 1597",https://www.grad.uni.edu/
"ERROR 1598",https://chas.uni.edu/
"ERROR 1599",https://csbs.uni.edu/
"ERROR 1600",https://business.uni.edu/
"ERROR 1601",https://coe.uni.edu/
"ERROR 1602",http://siu.edu
"ERROR 1603",https://siu.edu/admissions/
"ERROR 1604",https://fao.siu.edu/
"ERROR 1605",https://disabilityservices.siu.edu/
"ERROR 1606",https://coas.siu.edu/
"ERROR 1607",https://asa.siu.edu/
"ERROR 1608",https://business.siu.edu/
"ERROR 1609",https://ehs.siu.edu/
"ERROR 1610",https://engineering.siu.edu/
"ERROR 1611",https://cola.siu.edu/
"ERROR 1612",https://mcma.siu.edu/
"ERROR 1613",https://science.siu.edu/
"ERROR 1614",https://gradschool.siu.edu/
"ERROR 1615",http://law.siu.edu/
"ERROR 1616",https://www.siumed.edu/
"ERROR 1617",http://www.wichita.edu/
"ERROR 1618",https://www.wichita.edu/admissions/
"ERROR 1619",https://www.wichita.edu/administration/financial_aid/
"ERROR 1620",https://www.wichita.edu/services/disability-services/
"ERROR 1621",https://wsutech.edu/
"ERROR 1622",https://www.wichita.edu/academics/graduate_school/graduate_school.php
"ERROR 1623",https://www.wichita.edu/academics/fine_arts/
"ERROR 1624",https://www.wichita.edu/academics/business/index.php
"ERROR 1625",https://www.wichita.edu/academics/engineering/engineering.php
"ERROR 1626",https://www.wichita.edu/academics/liberal_arts_and_sciences/fairmount_college_of_liberal_arts_and_sciences.php
"ERROR 1627",https://www.wichita.edu/academics/applied_studies/index.php
"ERROR 1628",https://www.wichita.edu/academics/health_professions/health_professions.php
"ERROR 1629",https://www.wichita.edu/academics/honors_college/honors_college.php
"ERROR 1630",http://www.luc.edu/
"ERROR 1631",https://www.loyola.edu/admission
"ERROR 1632",https://www.loyola.edu/department/financial-aid
"ERROR 1633",https://www.loyola.edu/department/dss
"ERROR 1634",https://www.loyola.edu/sellinger-business
"ERROR 1635",https://www.loyola.edu/school-education
"ERROR 1636",https://www.loyola.edu/loyola-college-arts-sciences
"ERROR 1637",http://www.uchicago.edu
"ERROR 1638",https://www.uchicago.edu/admissions/
"ERROR 1639",https://financialaid.uchicago.edu/
"ERROR 1640",https://disabilities.uchicago.edu/
"ERROR 1641",https://biologicalsciences.uchicago.edu/
"ERROR 1642",https://www.chicagobooth.edu/
"ERROR 1643",http://college.uchicago.edu/
"ERROR 1644",https://divinity.uchicago.edu/
"ERROR 1645",https://grahamschool.uchicago.edu/
"ERROR 1646",https://harris.uchicago.edu/
"ERROR 1647",https://humanities.uchicago.edu/
"ERROR 1648",https://www.law.uchicago.edu/
"ERROR 1649",https://ime.uchicago.edu/
"ERROR 1650",https://oi.uchicago.edu/
"ERROR 1651",https://physical-sciences.uchicago.edu/
"ERROR 1652",https://pritzker.uchicago.edu/
"ERROR 1653",https://ssa.uchicago.edu/
"ERROR 1654",https://socialsciences.uchicago.edu/
"ERROR 1655",http://www.mit.edu
"ERROR 1656",https://mitadmissions.org/
"ERROR 1657",https://sfs.mit.edu/
"ERROR 1658",https://studentlife.mit.edu/sds
"ERROR 1659",https://sap.mit.edu/
"ERROR 1660",https://engineering.mit.edu/
"ERROR 1661",https://shass.mit.edu/
"ERROR 1662",http://mitsloan.mit.edu/
"ERROR 1663",https://science.mit.edu/
"ERROR 1664",http://www.arizona.edu
"ERROR 1665",https://admissions.arizona.edu/
"ERROR 1666",https://drc.arizona.edu/
"ERROR 1667",https://financialaid.arizona.edu/
"ERROR 1668",http://www.pharmacy.arizona.edu/
"ERROR 1669",http://www.optics.arizona.edu/
"ERROR 1670",https://www.nursing.arizona.edu/
"ERROR 1671",https://publichealth.arizona.edu/
"ERROR 1672",https://www.eller.arizona.edu/
"ERROR 1673",https://medicine.arizona.edu/
"ERROR 1674",http://phoenixmed.arizona.edu/
"ERROR 1675",https://law.arizona.edu/
"ERROR 1676",https://humanities.arizona.edu/
"ERROR 1677",https://grad.arizona.edu/
"ERROR 1678",https://sbs.arizona.edu/
"ERROR 1679",https://clas.arizona.edu/
"ERROR 1680",https://cfa.arizona.edu/
"ERROR 1681",https://capla.arizona.edu/
"ERROR 1682",https://cals.arizona.edu/
"ERROR 1683",http://www.asu.edu
"ERROR 1684",https://admission.asu.edu/
"ERROR 1685",https://students.asu.edu/financialaid
"ERROR 1686",https://eoss.asu.edu/drc
"ERROR 1687",https://students.asu.edu/artsandsciences
"ERROR 1688",https://wpcarey.asu.edu/
"ERROR 1689",https://herbergerinstitute.asu.edu/
"ERROR 1690",https://education.asu.edu/
"ERROR 1691",https://engineering.asu.edu/
"ERROR 1692",https://graduate.asu.edu/
"ERROR 1693",https://chs.asu.edu/
"ERROR 1694",https://cronkite.asu.edu/
"ERROR 1695",https://law.asu.edu/
"ERROR 1696",https://nursingandhealth.asu.edu/
"ERROR 1697",https://publicservice.asu.edu/
"ERROR 1698",https://universitycollege.asu.edu
"ERROR 1699",https://thunderbird.asu.edu/
"ERROR 1700",http://berkeley.edu
"ERROR 1701",https://admissions.berkeley.edu/
"ERROR 1702",https://financialaid.berkeley.edu/
"ERROR 1703",https://uhs.berkeley.edu/students-disabilities
"ERROR 1704",https://socialwelfare.berkeley.edu
"ERROR 1705",https://gspp.berkeley.edu/
"ERROR 1706",http://sph.berkeley.edu/
"ERROR 1707",https://optometry.berkeley.edu/
"ERROR 1708",https://nature.berkeley.edu/
"ERROR 1709",https://ls.berkeley.edu/
"ERROR 1710",https://www.law.berkeley.edu/
"ERROR 1711",https://journalism.berkeley.edu/
"ERROR 1712",https://www.ischool.berkeley.edu/
"ERROR 1713",https://haas.berkeley.edu/
"ERROR 1714",https://ced.berkeley.edu/
"ERROR 1715",https://engineering.berkeley.edu/
"ERROR 1716",https://gse.berkeley.edu/
"ERROR 1717",http://www.colorado.edu
"ERROR 1718",https://www.colorado.edu/admissions
"ERROR 1719",https://www.colorado.edu/financialaid/
"ERROR 1720",https://www.colorado.edu/disabilityservices/
"ERROR 1721",https://ce.colorado.edu/
"ERROR 1722",https://www.colorado.edu/music/
"ERROR 1723",https://www.colorado.edu/cmci/
"ERROR 1724",https://www.colorado.edu/law/
"ERROR 1725",https://www.colorado.edu/graduateschool/
"ERROR 1726",https://www.colorado.edu/engineering/
"ERROR 1727",https://www.colorado.edu/education/
"ERROR 1728",https://www.colorado.edu/business/
"ERROR 1729",https://www.colorado.edu/artsandsciences/
"ERROR 1730",http://uoregon.edu
"ERROR 1731",https://admissions.uoregon.edu/
"ERROR 1732",https://financialaid.uoregon.edu/
"ERROR 1733",https://aec.uoregon.edu/
"ERROR 1734",https://gradschool.uoregon.edu/
"ERROR 1735",https://law.uoregon.edu/
"ERROR 1736",https://music.uoregon.edu/
"ERROR 1737",http://journalism.uoregon.edu/
"ERROR 1738",https://honors.uoregon.edu/
"ERROR 1739",https://education.uoregon.edu/
"ERROR 1740",https://design.uoregon.edu/
"ERROR 1741",https://business.uoregon.edu/
"ERROR 1742",https://cas.uoregon.edu/
"ERROR 1743",http://oregonstate.edu
"ERROR 1744",https://admissions.oregonstate.edu/
"ERROR 1745",https://financialaid.oregonstate.edu/financial-aid
"ERROR 1746",https://ds.oregonstate.edu/
"ERROR 1747",https://vetmed.oregonstate.edu/
"ERROR 1748",https://www.science.oregonstate.edu/
"ERROR 1749",https://health.oregonstate.edu/
"ERROR 1750",https://pharmacy.oregonstate.edu/
"ERROR 1751",https://liberalarts.oregonstate.edu/
"ERROR 1752",http://www.forestry.oregonstate.edu/
"ERROR 1753",https://engineering.oregonstate.edu/
"ERROR 1754",https://education.oregonstate.edu/
"ERROR 1755",https://ceoas.oregonstate.edu/
"ERROR 1756",https://business.oregonstate.edu/
"ERROR 1757",https://agsci.oregonstate.edu/
"ERROR 1758",http://www.stanford.edu
"ERROR 1759",https://www.stanford.edu/admission/
"ERROR 1760",https://financialaid.stanford.edu/
"ERROR 1761",https://diversityandaccess.stanford.edu/disability-access
"ERROR 1762",https://www.gsb.stanford.edu/
"ERROR 1763",https://earth.stanford.edu/
"ERROR 1764",https://ed.stanford.edu/
"ERROR 1765",https://engineering.stanford.edu/
"ERROR 1766",https://humsci.stanford.edu/
"ERROR 1767",https://law.stanford.edu/
"ERROR 1768",https://med.stanford.edu/
"ERROR 1769",http://www.ucla.edu
"ERROR 1770",http://www.admission.ucla.edu/
"ERROR 1771",https://www.financialaid.ucla.edu/
"ERROR 1772",https://www.cae.ucla.edu/
"ERROR 1773",https://www.arts.ucla.edu/
"ERROR 1774",https://www.seasoasa.ucla.edu
"ERROR 1775",https://schoolofmusic.ucla.edu/
"ERROR 1776",http://www.tft.ucla.edu/
"ERROR 1777",https://www.nursing.ucla.edu/
"ERROR 1778",https://www.college.ucla.edu/
"ERROR 1779",http://www.usc.edu
"ERROR 1780",https://admission.usc.edu/
"ERROR 1781",https://financialaid.usc.edu/
"ERROR 1782",https://dsp.usc.edu/
"ERROR 1783",https://dornsife.usc.edu/
"ERROR 1784",https://www.marshall.usc.edu/
"ERROR 1785",https://arch.usc.edu/
"ERROR 1786",https://roski.usc.edu/
"ERROR 1787",http://iovine-young.usc.edu/
"ERROR 1788",https://cinema.usc.edu/
"ERROR 1789",https://annenberg.usc.edu/
"ERROR 1790",https://kaufman.usc.edu/
"ERROR 1791",https://dentistry.usc.edu/
"ERROR 1792",https://dramaticarts.usc.edu/
"ERROR 1793",https://rossier.usc.edu/
"ERROR 1794",https://viterbischool.usc.edu/
"ERROR 1795",http://gero.usc.edu/
"ERROR 1796",https://gould.usc.edu/
"ERROR 1797",https://keck.usc.edu/
"ERROR 1798",https://music.usc.edu/
"ERROR 1799",http://chan.usc.edu/
"ERROR 1800",https://pharmacyschool.usc.edu/
"ERROR 1801",http://pt.usc.edu/
"ERROR 1802",https://bovardcollege.usc.edu/
"ERROR 1803",https://priceschool.usc.edu/
"ERROR 1804",https://dworakpeck.usc.edu/
"ERROR 1805",http://www.utah.edu
"ERROR 1806",https://admissions.utah.edu/
"ERROR 1807",https://disability.utah.edu/
"ERROR 1808",https://financialaid.utah.edu/
"ERROR 1809",http://www.cap.utah.edu/
"ERROR 1810",https://eccles.utah.edu/
"ERROR 1811",https://transform.utah.edu/
"ERROR 1812",https://dentistry.utah.edu/
"ERROR 1813",https://education.utah.edu/
"ERROR 1814",https://www.coe.utah.edu/
"ERROR 1815",https://www.finearts.utah.edu/
"ERROR 1816",https://health.utah.edu/
"ERROR 1817",https://www.honors.utah.edu/
"ERROR 1818",https://humanities.utah.edu/
"ERROR 1819",http://www.law.utah.edu/
"ERROR 1820",https://medicine.utah.edu/
"ERROR 1821",https://www.cmes.utah.edu/
"ERROR 1822",https://nursing.utah.edu/
"ERROR 1823",https://pharmacy.utah.edu/
"ERROR 1824",https://science.utah.edu/
"ERROR 1825",https://csbs.utah.edu/
"ERROR 1826",https://socialwork.utah.edu/
"ERROR 1827",http://www.washington.edu
"ERROR 1828",https://www.washington.edu/admissions/
"ERROR 1829",http://www.washington.edu/financialaid/
"ERROR 1830",https://depts.washington.edu/uwdrs/
"ERROR 1831",https://foster.uw.edu/
"ERROR 1832",https://www.dental.washington.edu/
"ERROR 1833",https://education.uw.edu/
"ERROR 1834",https://www.engr.washington.edu/
"ERROR 1835",https://environment.uw.edu/
"ERROR 1836",http://grad.uw.edu/
"ERROR 1837",https://www.law.uw.edu/
"ERROR 1838",https://ischool.uw.edu/
"ERROR 1839",https://www.uwmedicine.org/education
"ERROR 1840",https://nursing.uw.edu/
"ERROR 1841",https://sop.washington.edu/
"ERROR 1842",https://evans.uw.edu/
"ERROR 1843",http://sph.washington.edu/
"ERROR 1844",https://socialwork.uw.edu/
"ERROR 1845",https://www.cs.washington.edu/
"ERROR 1846",https://jsis.washington.edu/
"ERROR 1847",https://artsci.washington.edu/
"ERROR 1848",http://be.washington.edu/
"ERROR 1849",http://wsu.edu
"ERROR 1850",https://wsu.edu/admission/
"ERROR 1851",https://financialaid.wsu.edu/
"ERROR 1852",https://drc.wsu.edu/
"ERROR 1853",https://business.wsu.edu/
"ERROR 1854",https://murrow.wsu.edu/
"ERROR 1855",https://education.wsu.edu/
"ERROR 1856",https://vcea.wsu.edu/
"ERROR 1857",https://honors.wsu.edu/
"ERROR 1858",https://medicine.wsu.edu/
"ERROR 1859",https://nursing.wsu.edu/
"ERROR 1860",https://pharmacy.wsu.edu/
"ERROR 1861",https://www.vetmed.wsu.edu/
"ERROR 1862",https://cahnrs.wsu.edu/
"ERROR 1863",https://cas.wsu.edu/
"ERROR 1864",http://ua.edu
"ERROR 1865",https://www.ua.edu/admissions/
"ERROR 1866",https://financialaid.ua.edu/
"ERROR 1867",https://catalog.ua.edu/undergraduate/about/support-programs/disability-services/
"ERROR 1868",http://as.ua.edu/
"ERROR 1869",https://cis.ua.edu/
"ERROR 1870",https://cchs.ua.edu/
"ERROR 1871",https://continuingstudies.ua.edu/
"ERROR 1872",https://culverhouse.ua.edu/
"ERROR 1873",https://education.ua.edu/
"ERROR 1874",https://eng.ua.edu/
"ERROR 1875",https://graduate.ua.edu/
"ERROR 1876",https://honors.ua.edu/
"ERROR 1877",http://www.ches.ua.edu/
"ERROR 1878",https://www.law.ua.edu/
"ERROR 1879",https://nursing.ua.edu/
"ERROR 1880",https://socialwork.ua.edu/
"ERROR 1881",http://www.uark.edu/
"ERROR 1882",https://admissions.uark.edu
"ERROR 1883",https://finaid.uark.edu/
"ERROR 1884",https://www.astate.edu/disability/
"ERROR 1885",https://bumperscollege.uark.edu/
"ERROR 1886",https://fayjones.uark.edu/
"ERROR 1887",https://fulbright.uark.edu/
"ERROR 1888",https://walton.uark.edu/
"ERROR 1889",https://coehp.uark.edu/
"ERROR 1890",https://engineering.uark.edu/
"ERROR 1891",https://honorscollege.uark.edu/
"ERROR 1892",https://graduate-and-international.uark.edu/
"ERROR 1893",https://law.uark.edu/
"ERROR 1894",http://auburn.edu
"ERROR 1895",http://www.auburn.edu/admissions/
"ERROR 1896",http://business.auburn.edu
"ERROR 1897",http://www.education.auburn.edu
"ERROR 1898",http://www.eng.auburn.edu
"ERROR 1899",http://www.cla.auburn.edu/cla/
"ERROR 1900",http://www.ufl.edu
"ERROR 1901",http://www.admissions.ufl.edu
"ERROR 1902",http://warrington.ufl.edu
"ERROR 1903",http://education.ufl.edu
"ERROR 1904",http://www.eng.ufl.edu
"ERROR 1905",http://www.clas.ufl.edu
"ERROR 1906",http://www.uga.edu
"ERROR 1907",http://www.admissions.uga.edu/
"ERROR 1908",http://www.terry.uga.edu
"ERROR 1909",http://coe.uga.edu
"ERROR 1910",http://engineering.uga.edu
"ERROR 1911",http://www.franklin.uga.edu
"ERROR 1912",http://www.uky.edu
"ERROR 1913",http://www.uky.edu/Admission/
"ERROR 1914",http://gatton.uky.edu
"ERROR 1915",http://education.uky.edu
"ERROR 1916",http://www.engr.uky.edu
"ERROR 1917",http://www.as.uky.edu
"ERROR 1918",http://www.lsu.edu
"ERROR 1919",http://www.lsu.edu/departments/admissions
"ERROR 1920",http://business.lsu.edu/
"ERROR 1921",http://chse.lsu.edu
"ERROR 1922",http://www.eng.lsu.edu
"ERROR 1923",http://hss.lsu.edu
"ERROR 1924",http://www.msstate.edu
"ERROR 1925",http://www.statement.msstate.edu
"ERROR 1926",http://www.business.msstate.edu
"ERROR 1927",http://www.cise.msstate.edu
"ERROR 1928",http://www.engr.msstate.edu
"ERROR 1929",http://www.cas.msstate.edu
"ERROR 1930",http://www.missouri.edu
"ERROR 1931",http://admissions.missouri.edu
"ERROR 1932",http://business.missouri.edu
"ERROR 1933",http://education.missouri.edu
"ERROR 1934",http://engineering.missouri.edu
"ERROR 1935",http://coas.missouri.edu
"ERROR 1936",http://www.olemiss.edu
"ERROR 1937",http://www.olemiss.edu/admissions/
"ERROR 1938",http://www.olemissbusiness.com
"ERROR 1939",http://education.olemiss.edu
"ERROR 1940",http://www.engineering.olemiss.edu
"ERROR 1941",http://www.olemiss.edu/libarts
"ERROR 1942",http://www.sc.edu
"ERROR 1943",http://www.sc.edu/admissions/
"ERROR 1944",http://www.moore.sc.edu
"ERROR 1945",http://www.ed.sc.edu
"ERROR 1946",http://www.engr.sc.edu
"ERROR 1947",http://artsandsciences.sc.edu
"ERROR 1948",http://www.utk.edu
"ERROR 1949",http://www.utk.edu/admissions/
"ERROR 1950",http://haslam.utk.edu/
"ERROR 1951",http://cehhs.utk.edu
"ERROR 1952",http://www.engr.utk.edu
"ERROR 1953",http://artsci.utk.edu
"ERROR 1954",http://www.tamu.edu
"ERROR 1955",http://www.tamu.edu/admissions/
"ERROR 1956",http://mays.tamu.edu
"ERROR 1957",http://education.tamu.edu
"ERROR 1958",http://engineering.tamu.edu
"ERROR 1959",http://liberalarts.tamu.edu
"ERROR 1960",http://www.vanderbilt.edu
"ERROR 1961",http://admissions.vanderbilt.edu
"ERROR 1962",http://www.owen.vanderbilt.edu/vanderbilt/
"ERROR 1963",http://peabody.vanderbilt.edu
"ERROR 1964",http://engineering.vanderbilt.edu
"ERROR 1965",http://as.vanderbilt.edu
"ERROR 1966",http://www.nmsu.edu
"ERROR 1967",http://prospective.nmsu.edu/apply
"ERROR 1968",http://business.nmsu.edu
"ERROR 1969",http://education.nmsu.edu
"ERROR 1970",http://engr.nmsu.edu
"ERROR 1971",http://artsci.nmsu.edu
"ERROR 1972",http://www.seattleu.edu
"ERROR 1973",https://www.seattleu.edu/admissions
"ERROR 1974",http://www.seattleu.edu/albers
"ERROR 1975",http://www.seattleu.edu/coe
"ERROR 1976",https://www.seattleu.edu/scieng/
"ERROR 1977",https://www.seattleu.edu/artsci/
"ERROR 1978",http://www.csub.edu/
"ERROR 1979",http://www.csub.edu/admissionsandaid
"ERROR 1980",http://www.csub.edu/ah/
"ERROR 1981",http://www.csub.edu/bpa
"ERROR 1982",http://www.csu.edu/
"ERROR 1983",http://www.csu.edu/admissions/
"ERROR 1984",http://www.csu.edu/business/
"ERROR 1985",http://www.csu.edu/collegeofeducation/
"ERROR 1986",http://www.csu.edu/collegeofartsandsciences/
"ERROR 1987",http://www.umkc.edu/
"ERROR 1988",http://www.umkc.edu/admissions/
"ERROR 1989",http://bloch.umkc.edu/
"ERROR 1990",http://education.umkc.edu/
"ERROR 1991",http://www.sce.umkc.edu/
"ERROR 1992",http://cas.umkc.edu/
"ERROR 1993",http://www.utrgv.edu/en-us/
"ERROR 1994",http://www.utrgv.edu/undergraduate-admissions/index.htm
"ERROR 1995",http://www.utrgv.edu/cobe/index.htm
"ERROR 1996",http://www.utrgv.edu/cep/index.htm
"ERROR 1997",http://www.utrgv.edu/coec/index.htm
"ERROR 1998",http://www.utrgv.edu/en-us/academics/colleges/liberal-arts/index.htm
"ERROR 1999",http://www.uvu.edu/
"ERROR 2000",http://www.uvu.edu/futurestudents/gettingstarted/
"ERROR 2001",http://www.uvu.edu/woodbury/
"ERROR 2002",http://www.uvu.edu/education/
"ERROR 2003",http://www.uvu.edu/tc/
"ERROR 2004",http://www.uvu.edu/chss/index.html
"ERROR 2005",http://www.gcu.edu/
"ERROR 2006",http://www.gcu.edu/admissions/requirements.php
"ERROR 2007",http://www.gcu.edu/colangelo-college-of-business.php
"ERROR 2008",http://www.gcu.edu/college-of-education.php
"ERROR 2009",http://www.gcu.edu/college-of-science-engineering-and-technology.php
"ERROR 2010",http://www.gcu.edu/college-of-fine-arts-and-production.php
0 Total Processed URLs
2011 Total Unprocessed URLs
